,strategy,information_date,requested_target,effective_target,target_adjusted,feasible_minimum,feasible_maximum
0,target_return_monthly,2010-12-31,0.07,0.07,False,0.00984383752999762,0.16463531665905867
1,target_return_monthly,2011-01-31,0.07,0.07,False,0.022822353029494872,0.1569076313119674
2,target_return_monthly,2011-02-28,0.07,0.07,False,0.025363598603187376,0.1584736049651461
3,target_return_monthly,2011-03-31,0.07,0.07,False,0.02194888331616733,0.16278555163912764
4,target_return_monthly,2011-04-29,0.07,0.07,False,0.029432661812377425,0.17926939024155036
5,target_return_monthly,2011-05-31,0.07,0.07,False,0.02497444733916065,0.17289104993164195
6,target_return_monthly,2011-06-30,0.07,0.07,False,0.03402382035165032,0.18395193698816437
7,target_return_monthly,2011-07-29,0.07,0.07,False,0.0373784105884318,0.19293012669320023
8,target_return_monthly,2011-08-31,0.07,0.07,False,0.033216072074508544,0.21733300676208528
9,target_return_monthly,2011-09-30,0.07,0.07,False,0.03197762855750933,0.17369084329970358
10,target_return_monthly,2011-10-31,0.07,0.07,False,0.06610549191532543,0.2972215346731699
11,target_return_monthly,2011-11-30,0.07,0.07,False,0.05468756704271595,0.3401853280121182
12,target_return_monthly,2011-12-30,0.07,0.07,False,0.0480590602200763,0.24531286361648852
13,target_return_monthly,2012-01-31,0.07,0.07,False,0.05624604491510495,0.2980274047182771
14,target_return_monthly,2012-02-29,0.07,0.07,False,0.05556148319550643,0.3574023664819791
15,target_return_monthly,2012-03-30,0.07,0.07,False,0.0443058780307557,0.3062147770317886
16,target_return_monthly,2012-04-30,0.07,0.07,False,0.05461992327511872,0.2539581307754898
17,target_return_monthly,2012-05-31,0.07,0.07,False,0.04734376579918453,0.20585253482655877
18,target_return_monthly,2012-06-29,0.07,0.07,False,0.05736900919024735,0.23049109370429474
19,target_return_monthly,2012-07-31,0.07,0.07,False,0.049113114959293644,0.21577455737757817
20,target_return_monthly,2012-08-31,0.07,0.07,False,0.04853393833715393,0.21153609338903803
21,target_return_monthly,2012-09-28,0.07,0.07,False,0.042986057314595,0.19040038991368197
22,target_return_monthly,2012-10-31,0.07,0.07,False,0.040250943707492125,0.18195554113591314
23,target_return_monthly,2012-11-30,0.07,0.07,False,0.04116264339160076,0.159283254455182
24,target_return_monthly,2012-12-31,0.07,0.07,False,0.048187713725276,0.1560676482530766
25,target_return_monthly,2013-01-31,0.07,0.07,False,0.051035805946585466,0.17945227782347098
26,target_return_monthly,2013-02-28,0.07,0.07,False,0.05360557062648726,0.16324205169202305
27,target_return_monthly,2013-03-28,0.07,0.07,False,0.04717929130809773,0.15326784427325968
28,target_return_monthly,2013-04-30,0.07,0.07,False,0.04683895709872546,0.145633855447888
29,target_return_monthly,2013-05-31,0.07,0.07,False,0.038259750126296295,0.1627156646680762
30,target_return_monthly,2013-06-28,0.07,0.07,False,0.017598318550044203,0.15620964434731
31,target_return_monthly,2013-07-31,0.07,0.07,False,0.02496289888145269,0.15323114303174556
32,target_return_monthly,2013-08-30,0.07,0.07,False,0.019204260882221942,0.15044025901363015
33,target_return_monthly,2013-09-30,0.07,0.07,False,0.012083992132806195,0.13795376407404297
34,target_return_monthly,2013-10-31,0.07,0.07,False,0.007792436200576527,0.13929408847508223
35,target_return_monthly,2013-11-29,0.07,0.07,False,0.0013733809555829465,0.14037010852822868
36,target_return_monthly,2013-12-31,0.07,0.07,False,-0.012137874422569531,0.1268800568576325
37,target_return_monthly,2014-01-31,0.07,0.07,False,-0.007982811954630643,0.1176915284491413
38,target_return_monthly,2014-02-28,0.07,0.07,False,-0.0033204675498274016,0.12279155628152436
39,target_return_monthly,2014-03-31,0.07,0.07,False,-0.0065961628403013485,0.12873520563155783
40,target_return_monthly,2014-04-30,0.07,0.07,False,-0.021123871169940252,0.1144783179024319
41,target_return_monthly,2014-05-30,0.07,0.07,False,-0.014480183915608026,0.1283171928757543
42,target_return_monthly,2014-06-30,0.07,0.07,False,-0.0006879159381429404,0.1441205101854573
43,target_return_monthly,2014-07-31,0.07,0.07,False,-0.014887394988309856,0.1313649222817381
44,target_return_monthly,2014-08-29,0.07,0.07,False,-0.029957158570739804,0.17283071882827888
45,target_return_monthly,2014-09-30,0.07,0.07,False,-0.028953650132302954,0.16643549379244627
46,target_return_monthly,2014-10-31,0.07,0.07,False,-0.03884344649481867,0.14372022557176867
47,target_return_monthly,2014-11-28,0.07,0.07,False,-0.03631318329541718,0.19046300320586906
48,target_return_monthly,2014-12-31,0.07,0.07,False,-0.02697337764135678,0.16060129786560742
49,target_return_monthly,2015-01-30,0.07,0.07,False,-0.02844797744512372,0.14282139386991924
50,target_return_monthly,2015-02-27,0.07,0.07,False,-0.03960976365863125,0.1415877077114332
51,target_return_monthly,2015-03-31,0.07,0.07,False,-0.03568404381283046,0.13374149992564557
52,target_return_monthly,2015-04-30,0.07,0.07,False,-0.035300752012880236,0.13091178752752253
53,target_return_monthly,2015-05-29,0.07,0.07,False,-0.0295643252237179,0.15530581373696137
54,target_return_monthly,2015-06-30,0.07,0.07,False,-0.03393884306299741,0.14293036597725559
55,target_return_monthly,2015-07-31,0.07,0.07,False,-0.04633523222884449,0.13416218447228567
56,target_return_monthly,2015-08-31,0.07,0.07,False,-0.04794486563545144,0.10605972687011038
57,target_return_monthly,2015-09-30,0.07,0.07,False,-0.06393587566596261,0.09954499878390523
58,target_return_monthly,2015-10-30,0.07,0.07,False,-0.053073200793237504,0.1245569150115993
59,target_return_monthly,2015-11-30,0.07,0.07,False,-0.06564000461488115,0.12199521420755381
60,target_return_monthly,2015-12-31,0.07,0.07,False,-0.07594461299556002,0.10725366543099153
61,target_return_monthly,2016-01-29,0.07,0.07,False,-0.07365182578094692,0.07670419309407772
62,target_return_monthly,2016-02-29,0.07,0.07,False,-0.053132415205785904,0.07620553500282029
63,target_return_monthly,2016-03-31,0.07,0.07,False,-0.035608528883282045,0.09127629070068774
64,target_return_monthly,2016-04-29,0.07,0.07,False,-0.023775524968061873,0.07682628953621559
65,target_return_monthly,2016-05-31,0.07,0.07,False,-0.023644413469332746,0.08493292925368384
66,target_return_monthly,2016-06-30,0.07,0.07,False,0.011450939092198444,0.10585519145831399
67,target_return_monthly,2016-07-29,0.07,0.07,False,0.012459695862461604,0.10702411667334902
68,target_return_monthly,2016-08-31,0.07,0.07,False,0.0035628876483003013,0.11764667811191964
69,target_return_monthly,2016-09-30,0.07,0.07,False,0.010609182954817158,0.10371151043334462
70,target_return_monthly,2016-10-31,0.07,0.07,False,-0.002347014557805358,0.08223176796186771
71,target_return_monthly,2016-11-30,0.07,0.07,False,-0.005844305238234035,0.08679091470681956
72,target_return_monthly,2016-12-30,0.07,0.07,False,-0.003085405706500401,0.09198366198008451
73,target_return_monthly,2017-01-31,0.07,0.07,False,0.0053412276709969035,0.09389091693981799
74,target_return_monthly,2017-02-28,0.07,0.07,False,-0.0005671021639863973,0.09035456172076389
75,target_return_monthly,2017-03-31,0.07,0.07,False,0.005649523669529537,0.08261361460980735
76,target_return_monthly,2017-04-28,0.07,0.07,False,0.005509683582273019,0.08312818699824837
77,target_return_monthly,2017-05-31,0.07,0.07,False,0.007131278101711272,0.0762344545281839
78,target_return_monthly,2017-06-30,0.07,0.07,False,-0.00298524799215278,0.07497376394475463
79,target_return_monthly,2017-07-31,0.07,0.07,False,0.0024778932656320065,0.07893928644150879
80,target_return_monthly,2017-08-31,0.07,0.07,False,0.010912268337649864,0.07600070380911375
81,target_return_monthly,2017-09-29,0.07,0.07,False,0.013760467537031511,0.0952246264430782
82,target_return_monthly,2017-10-31,0.07,0.07,False,0.012333557348107177,0.08894520845800884
83,target_return_monthly,2017-11-30,0.07,0.07,False,0.011340759502745929,0.08809793871772861
84,target_return_monthly,2017-12-29,0.07,0.07,False,0.013586636711621832,0.09841383898554058
85,target_return_monthly,2018-01-31,0.07,0.07,False,0.0018142033272991963,0.1225975385600031
86,target_return_monthly,2018-02-28,0.07,0.07,False,0.0039772157946738,0.08935863159564544
87,target_return_monthly,2018-03-29,0.07,0.07,False,0.006500306538837541,0.08892130798591819
88,target_return_monthly,2018-04-30,0.07,0.07,False,0.004620427001868698,0.07389350224304159
89,target_return_monthly,2018-05-31,0.07,0.07,False,0.008769251547718678,0.078967816246948
90,target_return_monthly,2018-06-29,0.07,0.07,False,0.011592023905061737,0.09074253632396734
91,target_return_monthly,2018-07-31,0.07,0.07,False,0.009365133040692915,0.09600623659852589
92,target_return_monthly,2018-08-31,0.07,0.07,False,0.010576204991931723,0.1308577364217501
93,target_return_monthly,2018-09-28,0.07,0.07,False,0.007826887125800255,0.13504420710611076
94,target_return_monthly,2018-10-31,0.07,0.07,False,0.006411190841741249,0.07936884582362896
95,target_return_monthly,2018-11-30,0.07,0.07,False,0.008302646650779876,0.09082393776742057
96,target_return_monthly,2018-12-31,0.07,0.07,False,0.015240471965486333,0.08143440144374725
97,target_return_monthly,2019-01-31,0.07,0.07,False,0.011761236144281201,0.12515502506304438
98,target_return_monthly,2019-02-28,0.07,0.07,False,0.008796961648081,0.13350325031033458
99,target_return_monthly,2019-03-29,0.07,0.07,False,0.011759655082836995,0.11129782410363642
100,target_return_monthly,2019-04-30,0.07,0.07,False,0.010663613314527066,0.11044703964397856
101,target_return_monthly,2019-05-31,0.07,0.07,False,0.017863326649536982,0.09653812526925395
102,target_return_monthly,2019-06-28,0.07,0.07,False,0.014714655910371983,0.13037322790968967
103,target_return_monthly,2019-07-31,0.07,0.07,False,0.014758005400982602,0.09651956032111934
104,target_return_monthly,2019-08-30,0.07,0.07,False,0.022391820087143195,0.08419147072522343
105,target_return_monthly,2019-09-30,0.07,0.07,False,0.01909072080307371,0.09191557978114172
106,target_return_monthly,2019-10-31,0.07,0.07,False,0.021974066386583686,0.11322043317617925
107,target_return_monthly,2019-11-29,0.07,0.07,False,0.02782539236649081,0.1137504556140867
108,target_return_monthly,2019-12-31,0.07,0.07,False,0.02906266639035223,0.12102633346179226
109,target_return_monthly,2020-01-31,0.07,0.07,False,0.03322701362399492,0.11023124351884697
110,target_return_monthly,2020-02-28,0.07,0.07,False,0.032815934751539905,0.08294457394772245
111,target_return_monthly,2020-03-31,0.07,0.07,False,-0.0018092709671057678,0.07001251957768867
112,target_return_monthly,2020-04-30,0.07,0.07,False,0.014173308584021233,0.08964526071957422
113,target_return_monthly,2020-05-29,0.07,0.07,False,0.018278441747007206,0.09931679426035472
114,target_return_monthly,2020-06-30,0.07,0.07,False,0.027113892231123336,0.10645663724418038
115,target_return_monthly,2020-07-31,0.07,0.07,False,0.03143795171677495,0.1245324529576009
116,target_return_monthly,2020-08-31,0.07,0.07,False,0.03830291508532042,0.12804763030669963
117,target_return_monthly,2020-09-30,0.07,0.07,False,0.03311813803395257,0.1168681375713623
118,target_return_monthly,2020-10-30,0.07,0.07,False,0.02523759592685574,0.11164898857305688
119,target_return_monthly,2020-11-30,0.07,0.07,False,0.04078444252220001,0.11751819815240397
120,target_return_monthly,2020-12-31,0.07,0.07,False,0.043828979054521856,0.12858152841951595
121,target_return_monthly,2021-01-29,0.07,0.07,False,0.03978047784270198,0.11948260908738706
122,target_return_monthly,2021-02-26,0.07,0.07,False,0.04358113447218464,0.12871465973579713
123,target_return_monthly,2021-03-31,0.07,0.07,False,0.0382593916073311,0.14160629927154142
124,target_return_monthly,2021-04-30,0.07,0.07,False,0.04235402637031519,0.1590615193164066
125,target_return_monthly,2021-05-28,0.07,0.07,False,0.041532604866094266,0.1637167795121441
126,target_return_monthly,2021-06-30,0.07,0.07,False,0.043016698885818404,0.1655199402009988
127,target_return_monthly,2021-07-30,0.07,0.07,False,0.04931625456987218,0.16886347207098013
128,target_return_monthly,2021-08-31,0.07,0.07,False,0.04659444259160334,0.16561330379532666
129,target_return_monthly,2021-09-30,0.07,0.07,False,0.045933002323681034,0.1552763606297708
130,target_return_monthly,2021-10-29,0.07,0.07,False,0.04716987282227072,0.19348359227291712
131,target_return_monthly,2021-11-30,0.07,0.07,False,0.04925774067164273,0.17137730173428833
132,target_return_monthly,2021-12-31,0.07,0.07,False,0.04353173609523923,0.21549910466994418
133,target_return_monthly,2022-01-31,0.07,0.07,False,0.03543549341841819,0.1616602706067596
134,target_return_monthly,2022-02-28,0.07,0.07,False,0.03356264028793171,0.1539280925945409
135,target_return_monthly,2022-03-31,0.07,0.07,False,0.020648317233922363,0.1596304091638277
136,target_return_monthly,2022-04-29,0.07,0.07,False,0.00794758995118982,0.14229107074306538
137,target_return_monthly,2022-05-31,0.07,0.07,False,0.0051612094956019,0.13810350110021233
138,target_return_monthly,2022-06-30,0.07,0.07,False,-0.004798004525128735,0.10217952248008279
139,target_return_monthly,2022-07-29,0.07,0.07,False,0.003611141705206866,0.11148013087081433
140,target_return_monthly,2022-08-31,0.07,0.07,False,-0.015388388598263275,0.09519810850713158
141,target_return_monthly,2022-09-30,0.07,0.06283133042910158,True,-0.026227122444300387,0.06283133042910158
142,target_return_monthly,2022-10-31,0.07,0.06625776354800987,True,-0.028718647160875667,0.06625776354800987
143,target_return_monthly,2022-11-30,0.07,0.07,False,-0.01674876682073006,0.08868374592364156
144,target_return_monthly,2022-12-30,0.07,0.07,False,-0.019513716359986097,0.0719923092131207
145,target_return_monthly,2023-01-31,0.07,0.07,False,-0.01520196157308441,0.08998423760114127
146,target_return_monthly,2023-02-28,0.07,0.07,False,-0.027290289805768638,0.10078233298252147
147,target_return_monthly,2023-03-31,0.07,0.07,False,-0.018452249899046935,0.15454961502840117
148,target_return_monthly,2023-04-28,0.07,0.07,False,-0.02357386179418034,0.1285605637637623
149,target_return_monthly,2023-05-31,0.07,0.07,False,-0.03114166192209182,0.10269257001230646
150,target_return_monthly,2023-06-30,0.07,0.07,False,-0.03552235319623349,0.11344236152055538
151,target_return_monthly,2023-07-31,0.07,0.07,False,-0.04127561638231943,0.10745837554076404
152,target_return_monthly,2023-08-31,0.07,0.07,False,-0.04252672197916117,0.0802575660064057
153,target_return_monthly,2023-09-29,0.07,0.07,False,-0.05348970163023006,0.07247010350006332
154,target_return_monthly,2023-10-31,0.07,0.07,False,-0.0582124166886508,0.07229830268749703
155,target_return_monthly,2023-11-30,0.07,0.0631517781360839,True,-0.04506864961861204,0.0631517781360839
156,target_return_monthly,2023-12-29,0.07,0.07,False,-0.033157245973014074,0.07509312768041138
157,target_return_monthly,2024-01-31,0.07,0.06315104564579363,True,-0.04237908156845989,0.06315104564579363
158,target_return_monthly,2024-02-29,0.07,0.07,False,-0.03674112690384506,0.07466643585694134
159,target_return_monthly,2024-03-28,0.07,0.07,False,-0.027294998804676382,0.08357207366533229
160,target_return_monthly,2024-04-30,0.07,0.06550028473278754,True,-0.03954056805503203,0.06550028473278754
161,target_return_monthly,2024-05-31,0.07,0.06723123777533417,True,-0.034002513363688563,0.06723123777533417
162,target_return_monthly,2024-06-28,0.07,0.07,False,-0.034090460234947814,0.07426285705153794
163,target_return_monthly,2024-07-31,0.07,0.07,False,-0.030394181945579184,0.08192223526260342
164,target_return_monthly,2024-08-30,0.07,0.07,False,-0.024892011645614096,0.08498622553374989
165,target_return_monthly,2024-09-30,0.07,0.07,False,-0.016653802111153453,0.10091405651414168
166,target_return_monthly,2024-10-31,0.07,0.07,False,-0.02586078365167737,0.09306822723905082
167,target_return_monthly,2024-11-29,0.07,0.07,False,-0.023201852321011327,0.10225502512214346
168,target_return_monthly,2024-12-31,0.07,0.07,False,-0.03171431343155127,0.08894970560824333
169,target_return_monthly,2025-01-31,0.07,0.07,False,-0.017332847896039498,0.11697658368966357
170,target_return_monthly,2025-02-28,0.07,0.07,False,-0.004020225215658125,0.1172585834249669
171,target_return_monthly,2025-03-31,0.07,0.07,False,0.0003817947186541639,0.10864278899555241
172,target_return_monthly,2025-04-30,0.07,0.07,False,0.0026406705831879497,0.13505345080393028
173,target_return_monthly,2025-05-30,0.07,0.07,False,0.012877165056608051,0.16137194433151264
174,target_return_monthly,2025-06-30,0.07,0.07,False,0.025343473258064048,0.18609587304614564
175,target_return_monthly,2025-07-31,0.07,0.07,False,0.01816065184534731,0.18755797705204996
176,target_return_monthly,2025-08-29,0.07,0.07,False,0.02617993259829655,0.18941730224153472
177,target_return_monthly,2025-09-30,0.07,0.07,False,0.04001478658281993,0.24122408977553023
178,target_return_monthly,2025-10-31,0.07,0.07,False,0.045489490424446104,0.23844401448762545
179,target_return_monthly,2025-11-28,0.07,0.07,False,0.04294138114688324,0.2262811757634037
180,target_return_quarterly,2010-12-31,0.07,0.07,False,0.00984383752999762,0.16463531665905867
181,target_return_quarterly,2011-03-31,0.07,0.07,False,0.02194888331616733,0.16278555163912764
182,target_return_quarterly,2011-06-30,0.07,0.07,False,0.03402382035165032,0.18395193698816437
183,target_return_quarterly,2011-09-30,0.07,0.07,False,0.03197762855750933,0.17369084329970358
184,target_return_quarterly,2011-12-30,0.07,0.07,False,0.0480590602200763,0.24531286361648852
185,target_return_quarterly,2012-03-30,0.07,0.07,False,0.0443058780307557,0.3062147770317886
186,target_return_quarterly,2012-06-29,0.07,0.07,False,0.05736900919024735,0.23049109370429474
187,target_return_quarterly,2012-09-28,0.07,0.07,False,0.042986057314595,0.19040038991368197
188,target_return_quarterly,2012-12-31,0.07,0.07,False,0.048187713725276,0.1560676482530766
189,target_return_quarterly,2013-03-28,0.07,0.07,False,0.04717929130809773,0.15326784427325968
190,target_return_quarterly,2013-06-28,0.07,0.07,False,0.017598318550044203,0.15620964434731
191,target_return_quarterly,2013-09-30,0.07,0.07,False,0.012083992132806195,0.13795376407404297
192,target_return_quarterly,2013-12-31,0.07,0.07,False,-0.012137874422569531,0.1268800568576325
193,target_return_quarterly,2014-03-31,0.07,0.07,False,-0.0065961628403013485,0.12873520563155783
194,target_return_quarterly,2014-06-30,0.07,0.07,False,-0.0006879159381429404,0.1441205101854573
195,target_return_quarterly,2014-09-30,0.07,0.07,False,-0.028953650132302954,0.16643549379244627
196,target_return_quarterly,2014-12-31,0.07,0.07,False,-0.02697337764135678,0.16060129786560742
197,target_return_quarterly,2015-03-31,0.07,0.07,False,-0.03568404381283046,0.13374149992564557
198,target_return_quarterly,2015-06-30,0.07,0.07,False,-0.03393884306299741,0.14293036597725559
199,target_return_quarterly,2015-09-30,0.07,0.07,False,-0.06393587566596261,0.09954499878390523
200,target_return_quarterly,2015-12-31,0.07,0.07,False,-0.07594461299556002,0.10725366543099153
201,target_return_quarterly,2016-03-31,0.07,0.07,False,-0.035608528883282045,0.09127629070068774
202,target_return_quarterly,2016-06-30,0.07,0.07,False,0.011450939092198444,0.10585519145831399
203,target_return_quarterly,2016-09-30,0.07,0.07,False,0.010609182954817158,0.10371151043334462
204,target_return_quarterly,2016-12-30,0.07,0.07,False,-0.003085405706500401,0.09198366198008451
205,target_return_quarterly,2017-03-31,0.07,0.07,False,0.005649523669529537,0.08261361460980735
206,target_return_quarterly,2017-06-30,0.07,0.07,False,-0.00298524799215278,0.07497376394475463
207,target_return_quarterly,2017-09-29,0.07,0.07,False,0.013760467537031511,0.0952246264430782
208,target_return_quarterly,2017-12-29,0.07,0.07,False,0.013586636711621832,0.09841383898554058
209,target_return_quarterly,2018-03-29,0.07,0.07,False,0.006500306538837541,0.08892130798591819
210,target_return_quarterly,2018-06-29,0.07,0.07,False,0.011592023905061737,0.09074253632396734
211,target_return_quarterly,2018-09-28,0.07,0.07,False,0.007826887125800255,0.13504420710611076
212,target_return_quarterly,2018-12-31,0.07,0.07,False,0.015240471965486333,0.08143440144374725
213,target_return_quarterly,2019-03-29,0.07,0.07,False,0.011759655082836995,0.11129782410363642
214,target_return_quarterly,2019-06-28,0.07,0.07,False,0.014714655910371983,0.13037322790968967
215,target_return_quarterly,2019-09-30,0.07,0.07,False,0.01909072080307371,0.09191557978114172
216,target_return_quarterly,2019-12-31,0.07,0.07,False,0.02906266639035223,0.12102633346179226
217,target_return_quarterly,2020-03-31,0.07,0.07,False,-0.0018092709671057678,0.07001251957768867
218,target_return_quarterly,2020-06-30,0.07,0.07,False,0.027113892231123336,0.10645663724418038
219,target_return_quarterly,2020-09-30,0.07,0.07,False,0.03311813803395257,0.1168681375713623
220,target_return_quarterly,2020-12-31,0.07,0.07,False,0.043828979054521856,0.12858152841951595
221,target_return_quarterly,2021-03-31,0.07,0.07,False,0.0382593916073311,0.14160629927154142
222,target_return_quarterly,2021-06-30,0.07,0.07,False,0.043016698885818404,0.1655199402009988
223,target_return_quarterly,2021-09-30,0.07,0.07,False,0.045933002323681034,0.1552763606297708
224,target_return_quarterly,2021-12-31,0.07,0.07,False,0.04353173609523923,0.21549910466994418
225,target_return_quarterly,2022-03-31,0.07,0.07,False,0.020648317233922363,0.1596304091638277
226,target_return_quarterly,2022-06-30,0.07,0.07,False,-0.004798004525128735,0.10217952248008279
227,target_return_quarterly,2022-09-30,0.07,0.06283133042910158,True,-0.026227122444300387,0.06283133042910158
228,target_return_quarterly,2022-12-30,0.07,0.07,False,-0.019513716359986097,0.0719923092131207
229,target_return_quarterly,2023-03-31,0.07,0.07,False,-0.018452249899046935,0.15454961502840117
230,target_return_quarterly,2023-06-30,0.07,0.07,False,-0.03552235319623349,0.11344236152055538
231,target_return_quarterly,2023-09-29,0.07,0.07,False,-0.05348970163023006,0.07247010350006332
232,target_return_quarterly,2023-12-29,0.07,0.07,False,-0.033157245973014074,0.07509312768041138
233,target_return_quarterly,2024-03-28,0.07,0.07,False,-0.027294998804676382,0.08357207366533229
234,target_return_quarterly,2024-06-28,0.07,0.07,False,-0.034090460234947814,0.07426285705153794
235,target_return_quarterly,2024-09-30,0.07,0.07,False,-0.016653802111153453,0.10091405651414168
236,target_return_quarterly,2024-12-31,0.07,0.07,False,-0.03171431343155127,0.08894970560824333
237,target_return_quarterly,2025-03-31,0.07,0.07,False,0.0003817947186541639,0.10864278899555241
238,target_return_quarterly,2025-06-30,0.07,0.07,False,0.025343473258064048,0.18609587304614564
239,target_return_quarterly,2025-09-30,0.07,0.07,False,0.04001478658281993,0.24122408977553023
240,target_return_band_250bp,2010-12-31,0.07,0.07,False,0.00984383752999762,0.16463531665905867
241,target_return_band_250bp,2011-01-31,0.07,0.07,False,0.022822353029494872,0.1569076313119674
242,target_return_band_250bp,2011-02-28,0.07,0.07,False,0.025363598603187376,0.1584736049651461
243,target_return_band_250bp,2011-03-31,0.07,0.07,False,0.02194888331616733,0.16278555163912764
244,target_return_band_250bp,2011-04-29,0.07,0.07,False,0.029432661812377425,0.17926939024155036
245,target_return_band_250bp,2011-05-31,0.07,0.07,False,0.02497444733916065,0.17289104993164195
246,target_return_band_250bp,2011-06-30,0.07,0.07,False,0.03402382035165032,0.18395193698816437
247,target_return_band_250bp,2011-07-29,0.07,0.07,False,0.0373784105884318,0.19293012669320023
248,target_return_band_250bp,2011-08-31,0.07,0.07,False,0.033216072074508544,0.21733300676208528
249,target_return_band_250bp,2011-09-30,0.07,0.07,False,0.03197762855750933,0.17369084329970358
250,target_return_band_250bp,2011-10-31,0.07,0.07,False,0.06610549191532543,0.2972215346731699
251,target_return_band_250bp,2011-11-30,0.07,0.07,False,0.05468756704271595,0.3401853280121182
252,target_return_band_250bp,2011-12-30,0.07,0.07,False,0.0480590602200763,0.24531286361648852
253,target_return_band_250bp,2012-01-31,0.07,0.07,False,0.05624604491510495,0.2980274047182771
254,target_return_band_250bp,2012-02-29,0.07,0.07,False,0.05556148319550643,0.3574023664819791
255,target_return_band_250bp,2012-03-30,0.07,0.07,False,0.0443058780307557,0.3062147770317886
256,target_return_band_250bp,2012-04-30,0.07,0.07,False,0.05461992327511872,0.2539581307754898
257,target_return_band_250bp,2012-05-31,0.07,0.07,False,0.04734376579918453,0.20585253482655877
258,target_return_band_250bp,2012-06-29,0.07,0.07,False,0.05736900919024735,0.23049109370429474
259,target_return_band_250bp,2012-07-31,0.07,0.07,False,0.049113114959293644,0.21577455737757817
260,target_return_band_250bp,2012-08-31,0.07,0.07,False,0.04853393833715393,0.21153609338903803
261,target_return_band_250bp,2012-09-28,0.07,0.07,False,0.042986057314595,0.19040038991368197
262,target_return_band_250bp,2012-10-31,0.07,0.07,False,0.040250943707492125,0.18195554113591314
263,target_return_band_250bp,2012-11-30,0.07,0.07,False,0.04116264339160076,0.159283254455182
264,target_return_band_250bp,2012-12-31,0.07,0.07,False,0.048187713725276,0.1560676482530766
265,target_return_band_250bp,2013-01-31,0.07,0.07,False,0.051035805946585466,0.17945227782347098
266,target_return_band_250bp,2013-02-28,0.07,0.07,False,0.05360557062648726,0.16324205169202305
267,target_return_band_250bp,2013-03-28,0.07,0.07,False,0.04717929130809773,0.15326784427325968
268,target_return_band_250bp,2013-04-30,0.07,0.07,False,0.04683895709872546,0.145633855447888
269,target_return_band_250bp,2013-05-31,0.07,0.07,False,0.038259750126296295,0.1627156646680762
270,target_return_band_250bp,2013-06-28,0.07,0.07,False,0.017598318550044203,0.15620964434731
271,target_return_band_250bp,2013-07-31,0.07,0.07,False,0.02496289888145269,0.15323114303174556
272,target_return_band_250bp,2013-08-30,0.07,0.07,False,0.019204260882221942,0.15044025901363015
273,target_return_band_250bp,2013-09-30,0.07,0.07,False,0.012083992132806195,0.13795376407404297
274,target_return_band_250bp,2013-10-31,0.07,0.07,False,0.007792436200576527,0.13929408847508223
275,target_return_band_250bp,2013-11-29,0.07,0.07,False,0.0013733809555829465,0.14037010852822868
276,target_return_band_250bp,2013-12-31,0.07,0.07,False,-0.012137874422569531,0.1268800568576325
277,target_return_band_250bp,2014-01-31,0.07,0.07,False,-0.007982811954630643,0.1176915284491413
278,target_return_band_250bp,2014-02-28,0.07,0.07,False,-0.0033204675498274016,0.12279155628152436
279,target_return_band_250bp,2014-03-31,0.07,0.07,False,-0.0065961628403013485,0.12873520563155783
280,target_return_band_250bp,2014-04-30,0.07,0.07,False,-0.021123871169940252,0.1144783179024319
281,target_return_band_250bp,2014-05-30,0.07,0.07,False,-0.014480183915608026,0.1283171928757543
282,target_return_band_250bp,2014-06-30,0.07,0.07,False,-0.0006879159381429404,0.1441205101854573
283,target_return_band_250bp,2014-07-31,0.07,0.07,False,-0.014887394988309856,0.1313649222817381
284,target_return_band_250bp,2014-08-29,0.07,0.07,False,-0.029957158570739804,0.17283071882827888
285,target_return_band_250bp,2014-09-30,0.07,0.07,False,-0.028953650132302954,0.16643549379244627
286,target_return_band_250bp,2014-10-31,0.07,0.07,False,-0.03884344649481867,0.14372022557176867
287,target_return_band_250bp,2014-11-28,0.07,0.07,False,-0.03631318329541718,0.19046300320586906
288,target_return_band_250bp,2014-12-31,0.07,0.07,False,-0.02697337764135678,0.16060129786560742
289,target_return_band_250bp,2015-01-30,0.07,0.07,False,-0.02844797744512372,0.14282139386991924
290,target_return_band_250bp,2015-02-27,0.07,0.07,False,-0.03960976365863125,0.1415877077114332
291,target_return_band_250bp,2015-03-31,0.07,0.07,False,-0.03568404381283046,0.13374149992564557
292,target_return_band_250bp,2015-04-30,0.07,0.07,False,-0.035300752012880236,0.13091178752752253
293,target_return_band_250bp,2015-05-29,0.07,0.07,False,-0.0295643252237179,0.15530581373696137
294,target_return_band_250bp,2015-06-30,0.07,0.07,False,-0.03393884306299741,0.14293036597725559
295,target_return_band_250bp,2015-07-31,0.07,0.07,False,-0.04633523222884449,0.13416218447228567
296,target_return_band_250bp,2015-08-31,0.07,0.07,False,-0.04794486563545144,0.10605972687011038
297,target_return_band_250bp,2015-09-30,0.07,0.07,False,-0.06393587566596261,0.09954499878390523
298,target_return_band_250bp,2015-10-30,0.07,0.07,False,-0.053073200793237504,0.1245569150115993
299,target_return_band_250bp,2015-11-30,0.07,0.07,False,-0.06564000461488115,0.12199521420755381
300,target_return_band_250bp,2015-12-31,0.07,0.07,False,-0.07594461299556002,0.10725366543099153
301,target_return_band_250bp,2016-01-29,0.07,0.07,False,-0.07365182578094692,0.07670419309407772
302,target_return_band_250bp,2016-02-29,0.07,0.07,False,-0.053132415205785904,0.07620553500282029
303,target_return_band_250bp,2016-03-31,0.07,0.07,False,-0.035608528883282045,0.09127629070068774
304,target_return_band_250bp,2016-04-29,0.07,0.07,False,-0.023775524968061873,0.07682628953621559
305,target_return_band_250bp,2016-05-31,0.07,0.07,False,-0.023644413469332746,0.08493292925368384
306,target_return_band_250bp,2016-06-30,0.07,0.07,False,0.011450939092198444,0.10585519145831399
307,target_return_band_250bp,2016-07-29,0.07,0.07,False,0.012459695862461604,0.10702411667334902
308,target_return_band_250bp,2016-08-31,0.07,0.07,False,0.0035628876483003013,0.11764667811191964
309,target_return_band_250bp,2016-09-30,0.07,0.07,False,0.010609182954817158,0.10371151043334462
310,target_return_band_250bp,2016-10-31,0.07,0.07,False,-0.002347014557805358,0.08223176796186771
311,target_return_band_250bp,2016-11-30,0.07,0.07,False,-0.005844305238234035,0.08679091470681956
312,target_return_band_250bp,2016-12-30,0.07,0.07,False,-0.003085405706500401,0.09198366198008451
313,target_return_band_250bp,2017-01-31,0.07,0.07,False,0.0053412276709969035,0.09389091693981799
314,target_return_band_250bp,2017-02-28,0.07,0.07,False,-0.0005671021639863973,0.09035456172076389
315,target_return_band_250bp,2017-03-31,0.07,0.07,False,0.005649523669529537,0.08261361460980735
316,target_return_band_250bp,2017-04-28,0.07,0.07,False,0.005509683582273019,0.08312818699824837
317,target_return_band_250bp,2017-05-31,0.07,0.07,False,0.007131278101711272,0.0762344545281839
318,target_return_band_250bp,2017-06-30,0.07,0.07,False,-0.00298524799215278,0.07497376394475463
319,target_return_band_250bp,2017-07-31,0.07,0.07,False,0.0024778932656320065,0.07893928644150879
320,target_return_band_250bp,2017-08-31,0.07,0.07,False,0.010912268337649864,0.07600070380911375
321,target_return_band_250bp,2017-09-29,0.07,0.07,False,0.013760467537031511,0.0952246264430782
322,target_return_band_250bp,2017-10-31,0.07,0.07,False,0.012333557348107177,0.08894520845800884
323,target_return_band_250bp,2017-11-30,0.07,0.07,False,0.011340759502745929,0.08809793871772861
324,target_return_band_250bp,2017-12-29,0.07,0.07,False,0.013586636711621832,0.09841383898554058
325,target_return_band_250bp,2018-01-31,0.07,0.07,False,0.0018142033272991963,0.1225975385600031
326,target_return_band_250bp,2018-02-28,0.07,0.07,False,0.0039772157946738,0.08935863159564544
327,target_return_band_250bp,2018-03-29,0.07,0.07,False,0.006500306538837541,0.08892130798591819
328,target_return_band_250bp,2018-04-30,0.07,0.07,False,0.004620427001868698,0.07389350224304159
329,target_return_band_250bp,2018-05-31,0.07,0.07,False,0.008769251547718678,0.078967816246948
330,target_return_band_250bp,2018-06-29,0.07,0.07,False,0.011592023905061737,0.09074253632396734
331,target_return_band_250bp,2018-07-31,0.07,0.07,False,0.009365133040692915,0.09600623659852589
332,target_return_band_250bp,2018-08-31,0.07,0.07,False,0.010576204991931723,0.1308577364217501
333,target_return_band_250bp,2018-09-28,0.07,0.07,False,0.007826887125800255,0.13504420710611076
334,target_return_band_250bp,2018-10-31,0.07,0.07,False,0.006411190841741249,0.07936884582362896
335,target_return_band_250bp,2018-11-30,0.07,0.07,False,0.008302646650779876,0.09082393776742057
336,target_return_band_250bp,2018-12-31,0.07,0.07,False,0.015240471965486333,0.08143440144374725
337,target_return_band_250bp,2019-01-31,0.07,0.07,False,0.011761236144281201,0.12515502506304438
338,target_return_band_250bp,2019-02-28,0.07,0.07,False,0.008796961648081,0.13350325031033458
339,target_return_band_250bp,2019-03-29,0.07,0.07,False,0.011759655082836995,0.11129782410363642
340,target_return_band_250bp,2019-04-30,0.07,0.07,False,0.010663613314527066,0.11044703964397856
341,target_return_band_250bp,2019-05-31,0.07,0.07,False,0.017863326649536982,0.09653812526925395
342,target_return_band_250bp,2019-06-28,0.07,0.07,False,0.014714655910371983,0.13037322790968967
343,target_return_band_250bp,2019-07-31,0.07,0.07,False,0.014758005400982602,0.09651956032111934
344,target_return_band_250bp,2019-08-30,0.07,0.07,False,0.022391820087143195,0.08419147072522343
345,target_return_band_250bp,2019-09-30,0.07,0.07,False,0.01909072080307371,0.09191557978114172
346,target_return_band_250bp,2019-10-31,0.07,0.07,False,0.021974066386583686,0.11322043317617925
347,target_return_band_250bp,2019-11-29,0.07,0.07,False,0.02782539236649081,0.1137504556140867
348,target_return_band_250bp,2019-12-31,0.07,0.07,False,0.02906266639035223,0.12102633346179226
349,target_return_band_250bp,2020-01-31,0.07,0.07,False,0.03322701362399492,0.11023124351884697
350,target_return_band_250bp,2020-02-28,0.07,0.07,False,0.032815934751539905,0.08294457394772245
351,target_return_band_250bp,2020-03-31,0.07,0.07,False,-0.0018092709671057678,0.07001251957768867
352,target_return_band_250bp,2020-04-30,0.07,0.07,False,0.014173308584021233,0.08964526071957422
353,target_return_band_250bp,2020-05-29,0.07,0.07,False,0.018278441747007206,0.09931679426035472
354,target_return_band_250bp,2020-06-30,0.07,0.07,False,0.027113892231123336,0.10645663724418038
355,target_return_band_250bp,2020-07-31,0.07,0.07,False,0.03143795171677495,0.1245324529576009
356,target_return_band_250bp,2020-08-31,0.07,0.07,False,0.03830291508532042,0.12804763030669963
357,target_return_band_250bp,2020-09-30,0.07,0.07,False,0.03311813803395257,0.1168681375713623
358,target_return_band_250bp,2020-10-30,0.07,0.07,False,0.02523759592685574,0.11164898857305688
359,target_return_band_250bp,2020-11-30,0.07,0.07,False,0.04078444252220001,0.11751819815240397
360,target_return_band_250bp,2020-12-31,0.07,0.07,False,0.043828979054521856,0.12858152841951595
361,target_return_band_250bp,2021-01-29,0.07,0.07,False,0.03978047784270198,0.11948260908738706
362,target_return_band_250bp,2021-02-26,0.07,0.07,False,0.04358113447218464,0.12871465973579713
363,target_return_band_250bp,2021-03-31,0.07,0.07,False,0.0382593916073311,0.14160629927154142
364,target_return_band_250bp,2021-04-30,0.07,0.07,False,0.04235402637031519,0.1590615193164066
365,target_return_band_250bp,2021-05-28,0.07,0.07,False,0.041532604866094266,0.1637167795121441
366,target_return_band_250bp,2021-06-30,0.07,0.07,False,0.043016698885818404,0.1655199402009988
367,target_return_band_250bp,2021-07-30,0.07,0.07,False,0.04931625456987218,0.16886347207098013
368,target_return_band_250bp,2021-08-31,0.07,0.07,False,0.04659444259160334,0.16561330379532666
369,target_return_band_250bp,2021-09-30,0.07,0.07,False,0.045933002323681034,0.1552763606297708
370,target_return_band_250bp,2021-10-29,0.07,0.07,False,0.04716987282227072,0.19348359227291712
371,target_return_band_250bp,2021-11-30,0.07,0.07,False,0.04925774067164273,0.17137730173428833
372,target_return_band_250bp,2021-12-31,0.07,0.07,False,0.04353173609523923,0.21549910466994418
373,target_return_band_250bp,2022-01-31,0.07,0.07,False,0.03543549341841819,0.1616602706067596
374,target_return_band_250bp,2022-02-28,0.07,0.07,False,0.03356264028793171,0.1539280925945409
375,target_return_band_250bp,2022-03-31,0.07,0.07,False,0.020648317233922363,0.1596304091638277
376,target_return_band_250bp,2022-04-29,0.07,0.07,False,0.00794758995118982,0.14229107074306538
377,target_return_band_250bp,2022-05-31,0.07,0.07,False,0.0051612094956019,0.13810350110021233
378,target_return_band_250bp,2022-06-30,0.07,0.07,False,-0.004798004525128735,0.10217952248008279
379,target_return_band_250bp,2022-07-29,0.07,0.07,False,0.003611141705206866,0.11148013087081433
380,target_return_band_250bp,2022-08-31,0.07,0.07,False,-0.015388388598263275,0.09519810850713158
381,target_return_band_250bp,2022-09-30,0.07,0.06283133042910158,True,-0.026227122444300387,0.06283133042910158
382,target_return_band_250bp,2022-10-31,0.07,0.06625776354800987,True,-0.028718647160875667,0.06625776354800987
383,target_return_band_250bp,2022-11-30,0.07,0.07,False,-0.01674876682073006,0.08868374592364156
384,target_return_band_250bp,2022-12-30,0.07,0.07,False,-0.019513716359986097,0.0719923092131207
385,target_return_band_250bp,2023-01-31,0.07,0.07,False,-0.01520196157308441,0.08998423760114127
386,target_return_band_250bp,2023-02-28,0.07,0.07,False,-0.027290289805768638,0.10078233298252147
387,target_return_band_250bp,2023-03-31,0.07,0.07,False,-0.018452249899046935,0.15454961502840117
388,target_return_band_250bp,2023-04-28,0.07,0.07,False,-0.02357386179418034,0.1285605637637623
389,target_return_band_250bp,2023-05-31,0.07,0.07,False,-0.03114166192209182,0.10269257001230646
390,target_return_band_250bp,2023-06-30,0.07,0.07,False,-0.03552235319623349,0.11344236152055538
391,target_return_band_250bp,2023-07-31,0.07,0.07,False,-0.04127561638231943,0.10745837554076404
392,target_return_band_250bp,2023-08-31,0.07,0.07,False,-0.04252672197916117,0.0802575660064057
393,target_return_band_250bp,2023-09-29,0.07,0.07,False,-0.05348970163023006,0.07247010350006332
394,target_return_band_250bp,2023-10-31,0.07,0.07,False,-0.0582124166886508,0.07229830268749703
395,target_return_band_250bp,2023-11-30,0.07,0.0631517781360839,True,-0.04506864961861204,0.0631517781360839
396,target_return_band_250bp,2023-12-29,0.07,0.07,False,-0.033157245973014074,0.07509312768041138
397,target_return_band_250bp,2024-01-31,0.07,0.06315104564579363,True,-0.04237908156845989,0.06315104564579363
398,target_return_band_250bp,2024-02-29,0.07,0.07,False,-0.03674112690384506,0.07466643585694134
399,target_return_band_250bp,2024-03-28,0.07,0.07,False,-0.027294998804676382,0.08357207366533229
400,target_return_band_250bp,2024-04-30,0.07,0.06550028473278754,True,-0.03954056805503203,0.06550028473278754
401,target_return_band_250bp,2024-05-31,0.07,0.06723123777533417,True,-0.034002513363688563,0.06723123777533417
402,target_return_band_250bp,2024-06-28,0.07,0.07,False,-0.034090460234947814,0.07426285705153794
403,target_return_band_250bp,2024-07-31,0.07,0.07,False,-0.030394181945579184,0.08192223526260342
404,target_return_band_250bp,2024-08-30,0.07,0.07,False,-0.024892011645614096,0.08498622553374989
405,target_return_band_250bp,2024-09-30,0.07,0.07,False,-0.016653802111153453,0.10091405651414168
406,target_return_band_250bp,2024-10-31,0.07,0.07,False,-0.02586078365167737,0.09306822723905082
407,target_return_band_250bp,2024-11-29,0.07,0.07,False,-0.023201852321011327,0.10225502512214346
408,target_return_band_250bp,2024-12-31,0.07,0.07,False,-0.03171431343155127,0.08894970560824333
409,target_return_band_250bp,2025-01-31,0.07,0.07,False,-0.017332847896039498,0.11697658368966357
410,target_return_band_250bp,2025-02-28,0.07,0.07,False,-0.004020225215658125,0.1172585834249669
411,target_return_band_250bp,2025-03-31,0.07,0.07,False,0.0003817947186541639,0.10864278899555241
412,target_return_band_250bp,2025-04-30,0.07,0.07,False,0.0026406705831879497,0.13505345080393028
413,target_return_band_250bp,2025-05-30,0.07,0.07,False,0.012877165056608051,0.16137194433151264
414,target_return_band_250bp,2025-06-30,0.07,0.07,False,0.025343473258064048,0.18609587304614564
415,target_return_band_250bp,2025-07-31,0.07,0.07,False,0.01816065184534731,0.18755797705204996
416,target_return_band_250bp,2025-08-29,0.07,0.07,False,0.02617993259829655,0.18941730224153472
417,target_return_band_250bp,2025-09-30,0.07,0.07,False,0.04001478658281993,0.24122408977553023
418,target_return_band_250bp,2025-10-31,0.07,0.07,False,0.045489490424446104,0.23844401448762545
419,target_return_band_250bp,2025-11-28,0.07,0.07,False,0.04294138114688324,0.2262811757634037
420,target_return_band_500bp,2010-12-31,0.07,0.07,False,0.00984383752999762,0.16463531665905867
421,target_return_band_500bp,2011-01-31,0.07,0.07,False,0.022822353029494872,0.1569076313119674
422,target_return_band_500bp,2011-02-28,0.07,0.07,False,0.025363598603187376,0.1584736049651461
423,target_return_band_500bp,2011-03-31,0.07,0.07,False,0.02194888331616733,0.16278555163912764
424,target_return_band_500bp,2011-04-29,0.07,0.07,False,0.029432661812377425,0.17926939024155036
425,target_return_band_500bp,2011-05-31,0.07,0.07,False,0.02497444733916065,0.17289104993164195
426,target_return_band_500bp,2011-06-30,0.07,0.07,False,0.03402382035165032,0.18395193698816437
427,target_return_band_500bp,2011-07-29,0.07,0.07,False,0.0373784105884318,0.19293012669320023
428,target_return_band_500bp,2011-08-31,0.07,0.07,False,0.033216072074508544,0.21733300676208528
429,target_return_band_500bp,2011-09-30,0.07,0.07,False,0.03197762855750933,0.17369084329970358
430,target_return_band_500bp,2011-10-31,0.07,0.07,False,0.06610549191532543,0.2972215346731699
431,target_return_band_500bp,2011-11-30,0.07,0.07,False,0.05468756704271595,0.3401853280121182
432,target_return_band_500bp,2011-12-30,0.07,0.07,False,0.0480590602200763,0.24531286361648852
433,target_return_band_500bp,2012-01-31,0.07,0.07,False,0.05624604491510495,0.2980274047182771
434,target_return_band_500bp,2012-02-29,0.07,0.07,False,0.05556148319550643,0.3574023664819791
435,target_return_band_500bp,2012-03-30,0.07,0.07,False,0.0443058780307557,0.3062147770317886
436,target_return_band_500bp,2012-04-30,0.07,0.07,False,0.05461992327511872,0.2539581307754898
437,target_return_band_500bp,2012-05-31,0.07,0.07,False,0.04734376579918453,0.20585253482655877
438,target_return_band_500bp,2012-06-29,0.07,0.07,False,0.05736900919024735,0.23049109370429474
439,target_return_band_500bp,2012-07-31,0.07,0.07,False,0.049113114959293644,0.21577455737757817
440,target_return_band_500bp,2012-08-31,0.07,0.07,False,0.04853393833715393,0.21153609338903803
441,target_return_band_500bp,2012-09-28,0.07,0.07,False,0.042986057314595,0.19040038991368197
442,target_return_band_500bp,2012-10-31,0.07,0.07,False,0.040250943707492125,0.18195554113591314
443,target_return_band_500bp,2012-11-30,0.07,0.07,False,0.04116264339160076,0.159283254455182
444,target_return_band_500bp,2012-12-31,0.07,0.07,False,0.048187713725276,0.1560676482530766
445,target_return_band_500bp,2013-01-31,0.07,0.07,False,0.051035805946585466,0.17945227782347098
446,target_return_band_500bp,2013-02-28,0.07,0.07,False,0.05360557062648726,0.16324205169202305
447,target_return_band_500bp,2013-03-28,0.07,0.07,False,0.04717929130809773,0.15326784427325968
448,target_return_band_500bp,2013-04-30,0.07,0.07,False,0.04683895709872546,0.145633855447888
449,target_return_band_500bp,2013-05-31,0.07,0.07,False,0.038259750126296295,0.1627156646680762
450,target_return_band_500bp,2013-06-28,0.07,0.07,False,0.017598318550044203,0.15620964434731
451,target_return_band_500bp,2013-07-31,0.07,0.07,False,0.02496289888145269,0.15323114303174556
452,target_return_band_500bp,2013-08-30,0.07,0.07,False,0.019204260882221942,0.15044025901363015
453,target_return_band_500bp,2013-09-30,0.07,0.07,False,0.012083992132806195,0.13795376407404297
454,target_return_band_500bp,2013-10-31,0.07,0.07,False,0.007792436200576527,0.13929408847508223
455,target_return_band_500bp,2013-11-29,0.07,0.07,False,0.0013733809555829465,0.14037010852822868
456,target_return_band_500bp,2013-12-31,0.07,0.07,False,-0.012137874422569531,0.1268800568576325
457,target_return_band_500bp,2014-01-31,0.07,0.07,False,-0.007982811954630643,0.1176915284491413
458,target_return_band_500bp,2014-02-28,0.07,0.07,False,-0.0033204675498274016,0.12279155628152436
459,target_return_band_500bp,2014-03-31,0.07,0.07,False,-0.0065961628403013485,0.12873520563155783
460,target_return_band_500bp,2014-04-30,0.07,0.07,False,-0.021123871169940252,0.1144783179024319
461,target_return_band_500bp,2014-05-30,0.07,0.07,False,-0.014480183915608026,0.1283171928757543
462,target_return_band_500bp,2014-06-30,0.07,0.07,False,-0.0006879159381429404,0.1441205101854573
463,target_return_band_500bp,2014-07-31,0.07,0.07,False,-0.014887394988309856,0.1313649222817381
464,target_return_band_500bp,2014-08-29,0.07,0.07,False,-0.029957158570739804,0.17283071882827888
465,target_return_band_500bp,2014-09-30,0.07,0.07,False,-0.028953650132302954,0.16643549379244627
466,target_return_band_500bp,2014-10-31,0.07,0.07,False,-0.03884344649481867,0.14372022557176867
467,target_return_band_500bp,2014-11-28,0.07,0.07,False,-0.03631318329541718,0.19046300320586906
468,target_return_band_500bp,2014-12-31,0.07,0.07,False,-0.02697337764135678,0.16060129786560742
469,target_return_band_500bp,2015-01-30,0.07,0.07,False,-0.02844797744512372,0.14282139386991924
470,target_return_band_500bp,2015-02-27,0.07,0.07,False,-0.03960976365863125,0.1415877077114332
471,target_return_band_500bp,2015-03-31,0.07,0.07,False,-0.03568404381283046,0.13374149992564557
472,target_return_band_500bp,2015-04-30,0.07,0.07,False,-0.035300752012880236,0.13091178752752253
473,target_return_band_500bp,2015-05-29,0.07,0.07,False,-0.0295643252237179,0.15530581373696137
474,target_return_band_500bp,2015-06-30,0.07,0.07,False,-0.03393884306299741,0.14293036597725559
475,target_return_band_500bp,2015-07-31,0.07,0.07,False,-0.04633523222884449,0.13416218447228567
476,target_return_band_500bp,2015-08-31,0.07,0.07,False,-0.04794486563545144,0.10605972687011038
477,target_return_band_500bp,2015-09-30,0.07,0.07,False,-0.06393587566596261,0.09954499878390523
478,target_return_band_500bp,2015-10-30,0.07,0.07,False,-0.053073200793237504,0.1245569150115993
479,target_return_band_500bp,2015-11-30,0.07,0.07,False,-0.06564000461488115,0.12199521420755381
480,target_return_band_500bp,2015-12-31,0.07,0.07,False,-0.07594461299556002,0.10725366543099153
481,target_return_band_500bp,2016-01-29,0.07,0.07,False,-0.07365182578094692,0.07670419309407772
482,target_return_band_500bp,2016-02-29,0.07,0.07,False,-0.053132415205785904,0.07620553500282029
483,target_return_band_500bp,2016-03-31,0.07,0.07,False,-0.035608528883282045,0.09127629070068774
484,target_return_band_500bp,2016-04-29,0.07,0.07,False,-0.023775524968061873,0.07682628953621559
485,target_return_band_500bp,2016-05-31,0.07,0.07,False,-0.023644413469332746,0.08493292925368384
486,target_return_band_500bp,2016-06-30,0.07,0.07,False,0.011450939092198444,0.10585519145831399
487,target_return_band_500bp,2016-07-29,0.07,0.07,False,0.012459695862461604,0.10702411667334902
488,target_return_band_500bp,2016-08-31,0.07,0.07,False,0.0035628876483003013,0.11764667811191964
489,target_return_band_500bp,2016-09-30,0.07,0.07,False,0.010609182954817158,0.10371151043334462
490,target_return_band_500bp,2016-10-31,0.07,0.07,False,-0.002347014557805358,0.08223176796186771
491,target_return_band_500bp,2016-11-30,0.07,0.07,False,-0.005844305238234035,0.08679091470681956
492,target_return_band_500bp,2016-12-30,0.07,0.07,False,-0.003085405706500401,0.09198366198008451
493,target_return_band_500bp,2017-01-31,0.07,0.07,False,0.0053412276709969035,0.09389091693981799
494,target_return_band_500bp,2017-02-28,0.07,0.07,False,-0.0005671021639863973,0.09035456172076389
495,target_return_band_500bp,2017-03-31,0.07,0.07,False,0.005649523669529537,0.08261361460980735
496,target_return_band_500bp,2017-04-28,0.07,0.07,False,0.005509683582273019,0.08312818699824837
497,target_return_band_500bp,2017-05-31,0.07,0.07,False,0.007131278101711272,0.0762344545281839
498,target_return_band_500bp,2017-06-30,0.07,0.07,False,-0.00298524799215278,0.07497376394475463
499,target_return_band_500bp,2017-07-31,0.07,0.07,False,0.0024778932656320065,0.07893928644150879
500,target_return_band_500bp,2017-08-31,0.07,0.07,False,0.010912268337649864,0.07600070380911375
501,target_return_band_500bp,2017-09-29,0.07,0.07,False,0.013760467537031511,0.0952246264430782
502,target_return_band_500bp,2017-10-31,0.07,0.07,False,0.012333557348107177,0.08894520845800884
503,target_return_band_500bp,2017-11-30,0.07,0.07,False,0.011340759502745929,0.08809793871772861
504,target_return_band_500bp,2017-12-29,0.07,0.07,False,0.013586636711621832,0.09841383898554058
505,target_return_band_500bp,2018-01-31,0.07,0.07,False,0.0018142033272991963,0.1225975385600031
506,target_return_band_500bp,2018-02-28,0.07,0.07,False,0.0039772157946738,0.08935863159564544
507,target_return_band_500bp,2018-03-29,0.07,0.07,False,0.006500306538837541,0.08892130798591819
508,target_return_band_500bp,2018-04-30,0.07,0.07,False,0.004620427001868698,0.07389350224304159
509,target_return_band_500bp,2018-05-31,0.07,0.07,False,0.008769251547718678,0.078967816246948
510,target_return_band_500bp,2018-06-29,0.07,0.07,False,0.011592023905061737,0.09074253632396734
511,target_return_band_500bp,2018-07-31,0.07,0.07,False,0.009365133040692915,0.09600623659852589
512,target_return_band_500bp,2018-08-31,0.07,0.07,False,0.010576204991931723,0.1308577364217501
513,target_return_band_500bp,2018-09-28,0.07,0.07,False,0.007826887125800255,0.13504420710611076
514,target_return_band_500bp,2018-10-31,0.07,0.07,False,0.006411190841741249,0.07936884582362896
515,target_return_band_500bp,2018-11-30,0.07,0.07,False,0.008302646650779876,0.09082393776742057
516,target_return_band_500bp,2018-12-31,0.07,0.07,False,0.015240471965486333,0.08143440144374725
517,target_return_band_500bp,2019-01-31,0.07,0.07,False,0.011761236144281201,0.12515502506304438
518,target_return_band_500bp,2019-02-28,0.07,0.07,False,0.008796961648081,0.13350325031033458
519,target_return_band_500bp,2019-03-29,0.07,0.07,False,0.011759655082836995,0.11129782410363642
520,target_return_band_500bp,2019-04-30,0.07,0.07,False,0.010663613314527066,0.11044703964397856
521,target_return_band_500bp,2019-05-31,0.07,0.07,False,0.017863326649536982,0.09653812526925395
522,target_return_band_500bp,2019-06-28,0.07,0.07,False,0.014714655910371983,0.13037322790968967
523,target_return_band_500bp,2019-07-31,0.07,0.07,False,0.014758005400982602,0.09651956032111934
524,target_return_band_500bp,2019-08-30,0.07,0.07,False,0.022391820087143195,0.08419147072522343
525,target_return_band_500bp,2019-09-30,0.07,0.07,False,0.01909072080307371,0.09191557978114172
526,target_return_band_500bp,2019-10-31,0.07,0.07,False,0.021974066386583686,0.11322043317617925
527,target_return_band_500bp,2019-11-29,0.07,0.07,False,0.02782539236649081,0.1137504556140867
528,target_return_band_500bp,2019-12-31,0.07,0.07,False,0.02906266639035223,0.12102633346179226
529,target_return_band_500bp,2020-01-31,0.07,0.07,False,0.03322701362399492,0.11023124351884697
530,target_return_band_500bp,2020-02-28,0.07,0.07,False,0.032815934751539905,0.08294457394772245
531,target_return_band_500bp,2020-03-31,0.07,0.07,False,-0.0018092709671057678,0.07001251957768867
532,target_return_band_500bp,2020-04-30,0.07,0.07,False,0.014173308584021233,0.08964526071957422
533,target_return_band_500bp,2020-05-29,0.07,0.07,False,0.018278441747007206,0.09931679426035472
534,target_return_band_500bp,2020-06-30,0.07,0.07,False,0.027113892231123336,0.10645663724418038
535,target_return_band_500bp,2020-07-31,0.07,0.07,False,0.03143795171677495,0.1245324529576009
536,target_return_band_500bp,2020-08-31,0.07,0.07,False,0.03830291508532042,0.12804763030669963
537,target_return_band_500bp,2020-09-30,0.07,0.07,False,0.03311813803395257,0.1168681375713623
538,target_return_band_500bp,2020-10-30,0.07,0.07,False,0.02523759592685574,0.11164898857305688
539,target_return_band_500bp,2020-11-30,0.07,0.07,False,0.04078444252220001,0.11751819815240397
540,target_return_band_500bp,2020-12-31,0.07,0.07,False,0.043828979054521856,0.12858152841951595
541,target_return_band_500bp,2021-01-29,0.07,0.07,False,0.03978047784270198,0.11948260908738706
542,target_return_band_500bp,2021-02-26,0.07,0.07,False,0.04358113447218464,0.12871465973579713
543,target_return_band_500bp,2021-03-31,0.07,0.07,False,0.0382593916073311,0.14160629927154142
544,target_return_band_500bp,2021-04-30,0.07,0.07,False,0.04235402637031519,0.1590615193164066
545,target_return_band_500bp,2021-05-28,0.07,0.07,False,0.041532604866094266,0.1637167795121441
546,target_return_band_500bp,2021-06-30,0.07,0.07,False,0.043016698885818404,0.1655199402009988
547,target_return_band_500bp,2021-07-30,0.07,0.07,False,0.04931625456987218,0.16886347207098013
548,target_return_band_500bp,2021-08-31,0.07,0.07,False,0.04659444259160334,0.16561330379532666
549,target_return_band_500bp,2021-09-30,0.07,0.07,False,0.045933002323681034,0.1552763606297708
550,target_return_band_500bp,2021-10-29,0.07,0.07,False,0.04716987282227072,0.19348359227291712
551,target_return_band_500bp,2021-11-30,0.07,0.07,False,0.04925774067164273,0.17137730173428833
552,target_return_band_500bp,2021-12-31,0.07,0.07,False,0.04353173609523923,0.21549910466994418
553,target_return_band_500bp,2022-01-31,0.07,0.07,False,0.03543549341841819,0.1616602706067596
554,target_return_band_500bp,2022-02-28,0.07,0.07,False,0.03356264028793171,0.1539280925945409
555,target_return_band_500bp,2022-03-31,0.07,0.07,False,0.020648317233922363,0.1596304091638277
556,target_return_band_500bp,2022-04-29,0.07,0.07,False,0.00794758995118982,0.14229107074306538
557,target_return_band_500bp,2022-05-31,0.07,0.07,False,0.0051612094956019,0.13810350110021233
558,target_return_band_500bp,2022-06-30,0.07,0.07,False,-0.004798004525128735,0.10217952248008279
559,target_return_band_500bp,2022-07-29,0.07,0.07,False,0.003611141705206866,0.11148013087081433
560,target_return_band_500bp,2022-08-31,0.07,0.07,False,-0.015388388598263275,0.09519810850713158
561,target_return_band_500bp,2022-09-30,0.07,0.06283133042910158,True,-0.026227122444300387,0.06283133042910158
562,target_return_band_500bp,2022-10-31,0.07,0.06625776354800987,True,-0.028718647160875667,0.06625776354800987
563,target_return_band_500bp,2022-11-30,0.07,0.07,False,-0.01674876682073006,0.08868374592364156
564,target_return_band_500bp,2022-12-30,0.07,0.07,False,-0.019513716359986097,0.0719923092131207
565,target_return_band_500bp,2023-01-31,0.07,0.07,False,-0.01520196157308441,0.08998423760114127
566,target_return_band_500bp,2023-02-28,0.07,0.07,False,-0.027290289805768638,0.10078233298252147
567,target_return_band_500bp,2023-03-31,0.07,0.07,False,-0.018452249899046935,0.15454961502840117
568,target_return_band_500bp,2023-04-28,0.07,0.07,False,-0.02357386179418034,0.1285605637637623
569,target_return_band_500bp,2023-05-31,0.07,0.07,False,-0.03114166192209182,0.10269257001230646
570,target_return_band_500bp,2023-06-30,0.07,0.07,False,-0.03552235319623349,0.11344236152055538
571,target_return_band_500bp,2023-07-31,0.07,0.07,False,-0.04127561638231943,0.10745837554076404
572,target_return_band_500bp,2023-08-31,0.07,0.07,False,-0.04252672197916117,0.0802575660064057
573,target_return_band_500bp,2023-09-29,0.07,0.07,False,-0.05348970163023006,0.07247010350006332
574,target_return_band_500bp,2023-10-31,0.07,0.07,False,-0.0582124166886508,0.07229830268749703
575,target_return_band_500bp,2023-11-30,0.07,0.0631517781360839,True,-0.04506864961861204,0.0631517781360839
576,target_return_band_500bp,2023-12-29,0.07,0.07,False,-0.033157245973014074,0.07509312768041138
577,target_return_band_500bp,2024-01-31,0.07,0.06315104564579363,True,-0.04237908156845989,0.06315104564579363
578,target_return_band_500bp,2024-02-29,0.07,0.07,False,-0.03674112690384506,0.07466643585694134
579,target_return_band_500bp,2024-03-28,0.07,0.07,False,-0.027294998804676382,0.08357207366533229
580,target_return_band_500bp,2024-04-30,0.07,0.06550028473278754,True,-0.03954056805503203,0.06550028473278754
581,target_return_band_500bp,2024-05-31,0.07,0.06723123777533417,True,-0.034002513363688563,0.06723123777533417
582,target_return_band_500bp,2024-06-28,0.07,0.07,False,-0.034090460234947814,0.07426285705153794
583,target_return_band_500bp,2024-07-31,0.07,0.07,False,-0.030394181945579184,0.08192223526260342
584,target_return_band_500bp,2024-08-30,0.07,0.07,False,-0.024892011645614096,0.08498622553374989
585,target_return_band_500bp,2024-09-30,0.07,0.07,False,-0.016653802111153453,0.10091405651414168
586,target_return_band_500bp,2024-10-31,0.07,0.07,False,-0.02586078365167737,0.09306822723905082
587,target_return_band_500bp,2024-11-29,0.07,0.07,False,-0.023201852321011327,0.10225502512214346
588,target_return_band_500bp,2024-12-31,0.07,0.07,False,-0.03171431343155127,0.08894970560824333
589,target_return_band_500bp,2025-01-31,0.07,0.07,False,-0.017332847896039498,0.11697658368966357
590,target_return_band_500bp,2025-02-28,0.07,0.07,False,-0.004020225215658125,0.1172585834249669
591,target_return_band_500bp,2025-03-31,0.07,0.07,False,0.0003817947186541639,0.10864278899555241
592,target_return_band_500bp,2025-04-30,0.07,0.07,False,0.0026406705831879497,0.13505345080393028
593,target_return_band_500bp,2025-05-30,0.07,0.07,False,0.012877165056608051,0.16137194433151264
594,target_return_band_500bp,2025-06-30,0.07,0.07,False,0.025343473258064048,0.18609587304614564
595,target_return_band_500bp,2025-07-31,0.07,0.07,False,0.01816065184534731,0.18755797705204996
596,target_return_band_500bp,2025-08-29,0.07,0.07,False,0.02617993259829655,0.18941730224153472
597,target_return_band_500bp,2025-09-30,0.07,0.07,False,0.04001478658281993,0.24122408977553023
598,target_return_band_500bp,2025-10-31,0.07,0.07,False,0.045489490424446104,0.23844401448762545
599,target_return_band_500bp,2025-11-28,0.07,0.07,False,0.04294138114688324,0.2262811757634037
600,target_return_band_750bp,2010-12-31,0.07,0.07,False,0.00984383752999762,0.16463531665905867
601,target_return_band_750bp,2011-01-31,0.07,0.07,False,0.022822353029494872,0.1569076313119674
602,target_return_band_750bp,2011-02-28,0.07,0.07,False,0.025363598603187376,0.1584736049651461
603,target_return_band_750bp,2011-03-31,0.07,0.07,False,0.02194888331616733,0.16278555163912764
604,target_return_band_750bp,2011-04-29,0.07,0.07,False,0.029432661812377425,0.17926939024155036
605,target_return_band_750bp,2011-05-31,0.07,0.07,False,0.02497444733916065,0.17289104993164195
606,target_return_band_750bp,2011-06-30,0.07,0.07,False,0.03402382035165032,0.18395193698816437
607,target_return_band_750bp,2011-07-29,0.07,0.07,False,0.0373784105884318,0.19293012669320023
608,target_return_band_750bp,2011-08-31,0.07,0.07,False,0.033216072074508544,0.21733300676208528
609,target_return_band_750bp,2011-09-30,0.07,0.07,False,0.03197762855750933,0.17369084329970358
610,target_return_band_750bp,2011-10-31,0.07,0.07,False,0.06610549191532543,0.2972215346731699
611,target_return_band_750bp,2011-11-30,0.07,0.07,False,0.05468756704271595,0.3401853280121182
612,target_return_band_750bp,2011-12-30,0.07,0.07,False,0.0480590602200763,0.24531286361648852
613,target_return_band_750bp,2012-01-31,0.07,0.07,False,0.05624604491510495,0.2980274047182771
614,target_return_band_750bp,2012-02-29,0.07,0.07,False,0.05556148319550643,0.3574023664819791
615,target_return_band_750bp,2012-03-30,0.07,0.07,False,0.0443058780307557,0.3062147770317886
616,target_return_band_750bp,2012-04-30,0.07,0.07,False,0.05461992327511872,0.2539581307754898
617,target_return_band_750bp,2012-05-31,0.07,0.07,False,0.04734376579918453,0.20585253482655877
618,target_return_band_750bp,2012-06-29,0.07,0.07,False,0.05736900919024735,0.23049109370429474
619,target_return_band_750bp,2012-07-31,0.07,0.07,False,0.049113114959293644,0.21577455737757817
620,target_return_band_750bp,2012-08-31,0.07,0.07,False,0.04853393833715393,0.21153609338903803
621,target_return_band_750bp,2012-09-28,0.07,0.07,False,0.042986057314595,0.19040038991368197
622,target_return_band_750bp,2012-10-31,0.07,0.07,False,0.040250943707492125,0.18195554113591314
623,target_return_band_750bp,2012-11-30,0.07,0.07,False,0.04116264339160076,0.159283254455182
624,target_return_band_750bp,2012-12-31,0.07,0.07,False,0.048187713725276,0.1560676482530766
625,target_return_band_750bp,2013-01-31,0.07,0.07,False,0.051035805946585466,0.17945227782347098
626,target_return_band_750bp,2013-02-28,0.07,0.07,False,0.05360557062648726,0.16324205169202305
627,target_return_band_750bp,2013-03-28,0.07,0.07,False,0.04717929130809773,0.15326784427325968
628,target_return_band_750bp,2013-04-30,0.07,0.07,False,0.04683895709872546,0.145633855447888
629,target_return_band_750bp,2013-05-31,0.07,0.07,False,0.038259750126296295,0.1627156646680762
630,target_return_band_750bp,2013-06-28,0.07,0.07,False,0.017598318550044203,0.15620964434731
631,target_return_band_750bp,2013-07-31,0.07,0.07,False,0.02496289888145269,0.15323114303174556
632,target_return_band_750bp,2013-08-30,0.07,0.07,False,0.019204260882221942,0.15044025901363015
633,target_return_band_750bp,2013-09-30,0.07,0.07,False,0.012083992132806195,0.13795376407404297
634,target_return_band_750bp,2013-10-31,0.07,0.07,False,0.007792436200576527,0.13929408847508223
635,target_return_band_750bp,2013-11-29,0.07,0.07,False,0.0013733809555829465,0.14037010852822868
636,target_return_band_750bp,2013-12-31,0.07,0.07,False,-0.012137874422569531,0.1268800568576325
637,target_return_band_750bp,2014-01-31,0.07,0.07,False,-0.007982811954630643,0.1176915284491413
638,target_return_band_750bp,2014-02-28,0.07,0.07,False,-0.0033204675498274016,0.12279155628152436
639,target_return_band_750bp,2014-03-31,0.07,0.07,False,-0.0065961628403013485,0.12873520563155783
640,target_return_band_750bp,2014-04-30,0.07,0.07,False,-0.021123871169940252,0.1144783179024319
641,target_return_band_750bp,2014-05-30,0.07,0.07,False,-0.014480183915608026,0.1283171928757543
642,target_return_band_750bp,2014-06-30,0.07,0.07,False,-0.0006879159381429404,0.1441205101854573
643,target_return_band_750bp,2014-07-31,0.07,0.07,False,-0.014887394988309856,0.1313649222817381
644,target_return_band_750bp,2014-08-29,0.07,0.07,False,-0.029957158570739804,0.17283071882827888
645,target_return_band_750bp,2014-09-30,0.07,0.07,False,-0.028953650132302954,0.16643549379244627
646,target_return_band_750bp,2014-10-31,0.07,0.07,False,-0.03884344649481867,0.14372022557176867
647,target_return_band_750bp,2014-11-28,0.07,0.07,False,-0.03631318329541718,0.19046300320586906
648,target_return_band_750bp,2014-12-31,0.07,0.07,False,-0.02697337764135678,0.16060129786560742
649,target_return_band_750bp,2015-01-30,0.07,0.07,False,-0.02844797744512372,0.14282139386991924
650,target_return_band_750bp,2015-02-27,0.07,0.07,False,-0.03960976365863125,0.1415877077114332
651,target_return_band_750bp,2015-03-31,0.07,0.07,False,-0.03568404381283046,0.13374149992564557
652,target_return_band_750bp,2015-04-30,0.07,0.07,False,-0.035300752012880236,0.13091178752752253
653,target_return_band_750bp,2015-05-29,0.07,0.07,False,-0.0295643252237179,0.15530581373696137
654,target_return_band_750bp,2015-06-30,0.07,0.07,False,-0.03393884306299741,0.14293036597725559
655,target_return_band_750bp,2015-07-31,0.07,0.07,False,-0.04633523222884449,0.13416218447228567
656,target_return_band_750bp,2015-08-31,0.07,0.07,False,-0.04794486563545144,0.10605972687011038
657,target_return_band_750bp,2015-09-30,0.07,0.07,False,-0.06393587566596261,0.09954499878390523
658,target_return_band_750bp,2015-10-30,0.07,0.07,False,-0.053073200793237504,0.1245569150115993
659,target_return_band_750bp,2015-11-30,0.07,0.07,False,-0.06564000461488115,0.12199521420755381
660,target_return_band_750bp,2015-12-31,0.07,0.07,False,-0.07594461299556002,0.10725366543099153
661,target_return_band_750bp,2016-01-29,0.07,0.07,False,-0.07365182578094692,0.07670419309407772
662,target_return_band_750bp,2016-02-29,0.07,0.07,False,-0.053132415205785904,0.07620553500282029
663,target_return_band_750bp,2016-03-31,0.07,0.07,False,-0.035608528883282045,0.09127629070068774
664,target_return_band_750bp,2016-04-29,0.07,0.07,False,-0.023775524968061873,0.07682628953621559
665,target_return_band_750bp,2016-05-31,0.07,0.07,False,-0.023644413469332746,0.08493292925368384
666,target_return_band_750bp,2016-06-30,0.07,0.07,False,0.011450939092198444,0.10585519145831399
667,target_return_band_750bp,2016-07-29,0.07,0.07,False,0.012459695862461604,0.10702411667334902
668,target_return_band_750bp,2016-08-31,0.07,0.07,False,0.0035628876483003013,0.11764667811191964
669,target_return_band_750bp,2016-09-30,0.07,0.07,False,0.010609182954817158,0.10371151043334462
670,target_return_band_750bp,2016-10-31,0.07,0.07,False,-0.002347014557805358,0.08223176796186771
671,target_return_band_750bp,2016-11-30,0.07,0.07,False,-0.005844305238234035,0.08679091470681956
672,target_return_band_750bp,2016-12-30,0.07,0.07,False,-0.003085405706500401,0.09198366198008451
673,target_return_band_750bp,2017-01-31,0.07,0.07,False,0.0053412276709969035,0.09389091693981799
674,target_return_band_750bp,2017-02-28,0.07,0.07,False,-0.0005671021639863973,0.09035456172076389
675,target_return_band_750bp,2017-03-31,0.07,0.07,False,0.005649523669529537,0.08261361460980735
676,target_return_band_750bp,2017-04-28,0.07,0.07,False,0.005509683582273019,0.08312818699824837
677,target_return_band_750bp,2017-05-31,0.07,0.07,False,0.007131278101711272,0.0762344545281839
678,target_return_band_750bp,2017-06-30,0.07,0.07,False,-0.00298524799215278,0.07497376394475463
679,target_return_band_750bp,2017-07-31,0.07,0.07,False,0.0024778932656320065,0.07893928644150879
680,target_return_band_750bp,2017-08-31,0.07,0.07,False,0.010912268337649864,0.07600070380911375
681,target_return_band_750bp,2017-09-29,0.07,0.07,False,0.013760467537031511,0.0952246264430782
682,target_return_band_750bp,2017-10-31,0.07,0.07,False,0.012333557348107177,0.08894520845800884
683,target_return_band_750bp,2017-11-30,0.07,0.07,False,0.011340759502745929,0.08809793871772861
684,target_return_band_750bp,2017-12-29,0.07,0.07,False,0.013586636711621832,0.09841383898554058
685,target_return_band_750bp,2018-01-31,0.07,0.07,False,0.0018142033272991963,0.1225975385600031
686,target_return_band_750bp,2018-02-28,0.07,0.07,False,0.0039772157946738,0.08935863159564544
687,target_return_band_750bp,2018-03-29,0.07,0.07,False,0.006500306538837541,0.08892130798591819
688,target_return_band_750bp,2018-04-30,0.07,0.07,False,0.004620427001868698,0.07389350224304159
689,target_return_band_750bp,2018-05-31,0.07,0.07,False,0.008769251547718678,0.078967816246948
690,target_return_band_750bp,2018-06-29,0.07,0.07,False,0.011592023905061737,0.09074253632396734
691,target_return_band_750bp,2018-07-31,0.07,0.07,False,0.009365133040692915,0.09600623659852589
692,target_return_band_750bp,2018-08-31,0.07,0.07,False,0.010576204991931723,0.1308577364217501
693,target_return_band_750bp,2018-09-28,0.07,0.07,False,0.007826887125800255,0.13504420710611076
694,target_return_band_750bp,2018-10-31,0.07,0.07,False,0.006411190841741249,0.07936884582362896
695,target_return_band_750bp,2018-11-30,0.07,0.07,False,0.008302646650779876,0.09082393776742057
696,target_return_band_750bp,2018-12-31,0.07,0.07,False,0.015240471965486333,0.08143440144374725
697,target_return_band_750bp,2019-01-31,0.07,0.07,False,0.011761236144281201,0.12515502506304438
698,target_return_band_750bp,2019-02-28,0.07,0.07,False,0.008796961648081,0.13350325031033458
699,target_return_band_750bp,2019-03-29,0.07,0.07,False,0.011759655082836995,0.11129782410363642
700,target_return_band_750bp,2019-04-30,0.07,0.07,False,0.010663613314527066,0.11044703964397856
701,target_return_band_750bp,2019-05-31,0.07,0.07,False,0.017863326649536982,0.09653812526925395
702,target_return_band_750bp,2019-06-28,0.07,0.07,False,0.014714655910371983,0.13037322790968967
703,target_return_band_750bp,2019-07-31,0.07,0.07,False,0.014758005400982602,0.09651956032111934
704,target_return_band_750bp,2019-08-30,0.07,0.07,False,0.022391820087143195,0.08419147072522343
705,target_return_band_750bp,2019-09-30,0.07,0.07,False,0.01909072080307371,0.09191557978114172
706,target_return_band_750bp,2019-10-31,0.07,0.07,False,0.021974066386583686,0.11322043317617925
707,target_return_band_750bp,2019-11-29,0.07,0.07,False,0.02782539236649081,0.1137504556140867
708,target_return_band_750bp,2019-12-31,0.07,0.07,False,0.02906266639035223,0.12102633346179226
709,target_return_band_750bp,2020-01-31,0.07,0.07,False,0.03322701362399492,0.11023124351884697
710,target_return_band_750bp,2020-02-28,0.07,0.07,False,0.032815934751539905,0.08294457394772245
711,target_return_band_750bp,2020-03-31,0.07,0.07,False,-0.0018092709671057678,0.07001251957768867
712,target_return_band_750bp,2020-04-30,0.07,0.07,False,0.014173308584021233,0.08964526071957422
713,target_return_band_750bp,2020-05-29,0.07,0.07,False,0.018278441747007206,0.09931679426035472
714,target_return_band_750bp,2020-06-30,0.07,0.07,False,0.027113892231123336,0.10645663724418038
715,target_return_band_750bp,2020-07-31,0.07,0.07,False,0.03143795171677495,0.1245324529576009
716,target_return_band_750bp,2020-08-31,0.07,0.07,False,0.03830291508532042,0.12804763030669963
717,target_return_band_750bp,2020-09-30,0.07,0.07,False,0.03311813803395257,0.1168681375713623
718,target_return_band_750bp,2020-10-30,0.07,0.07,False,0.02523759592685574,0.11164898857305688
719,target_return_band_750bp,2020-11-30,0.07,0.07,False,0.04078444252220001,0.11751819815240397
720,target_return_band_750bp,2020-12-31,0.07,0.07,False,0.043828979054521856,0.12858152841951595
721,target_return_band_750bp,2021-01-29,0.07,0.07,False,0.03978047784270198,0.11948260908738706
722,target_return_band_750bp,2021-02-26,0.07,0.07,False,0.04358113447218464,0.12871465973579713
723,target_return_band_750bp,2021-03-31,0.07,0.07,False,0.0382593916073311,0.14160629927154142
724,target_return_band_750bp,2021-04-30,0.07,0.07,False,0.04235402637031519,0.1590615193164066
725,target_return_band_750bp,2021-05-28,0.07,0.07,False,0.041532604866094266,0.1637167795121441
726,target_return_band_750bp,2021-06-30,0.07,0.07,False,0.043016698885818404,0.1655199402009988
727,target_return_band_750bp,2021-07-30,0.07,0.07,False,0.04931625456987218,0.16886347207098013
728,target_return_band_750bp,2021-08-31,0.07,0.07,False,0.04659444259160334,0.16561330379532666
729,target_return_band_750bp,2021-09-30,0.07,0.07,False,0.045933002323681034,0.1552763606297708
730,target_return_band_750bp,2021-10-29,0.07,0.07,False,0.04716987282227072,0.19348359227291712
731,target_return_band_750bp,2021-11-30,0.07,0.07,False,0.04925774067164273,0.17137730173428833
732,target_return_band_750bp,2021-12-31,0.07,0.07,False,0.04353173609523923,0.21549910466994418
733,target_return_band_750bp,2022-01-31,0.07,0.07,False,0.03543549341841819,0.1616602706067596
734,target_return_band_750bp,2022-02-28,0.07,0.07,False,0.03356264028793171,0.1539280925945409
735,target_return_band_750bp,2022-03-31,0.07,0.07,False,0.020648317233922363,0.1596304091638277
736,target_return_band_750bp,2022-04-29,0.07,0.07,False,0.00794758995118982,0.14229107074306538
737,target_return_band_750bp,2022-05-31,0.07,0.07,False,0.0051612094956019,0.13810350110021233
738,target_return_band_750bp,2022-06-30,0.07,0.07,False,-0.004798004525128735,0.10217952248008279
739,target_return_band_750bp,2022-07-29,0.07,0.07,False,0.003611141705206866,0.11148013087081433
740,target_return_band_750bp,2022-08-31,0.07,0.07,False,-0.015388388598263275,0.09519810850713158
741,target_return_band_750bp,2022-09-30,0.07,0.06283133042910158,True,-0.026227122444300387,0.06283133042910158
742,target_return_band_750bp,2022-10-31,0.07,0.06625776354800987,True,-0.028718647160875667,0.06625776354800987
743,target_return_band_750bp,2022-11-30,0.07,0.07,False,-0.01674876682073006,0.08868374592364156
744,target_return_band_750bp,2022-12-30,0.07,0.07,False,-0.019513716359986097,0.0719923092131207
745,target_return_band_750bp,2023-01-31,0.07,0.07,False,-0.01520196157308441,0.08998423760114127
746,target_return_band_750bp,2023-02-28,0.07,0.07,False,-0.027290289805768638,0.10078233298252147
747,target_return_band_750bp,2023-03-31,0.07,0.07,False,-0.018452249899046935,0.15454961502840117
748,target_return_band_750bp,2023-04-28,0.07,0.07,False,-0.02357386179418034,0.1285605637637623
749,target_return_band_750bp,2023-05-31,0.07,0.07,False,-0.03114166192209182,0.10269257001230646
750,target_return_band_750bp,2023-06-30,0.07,0.07,False,-0.03552235319623349,0.11344236152055538
751,target_return_band_750bp,2023-07-31,0.07,0.07,False,-0.04127561638231943,0.10745837554076404
752,target_return_band_750bp,2023-08-31,0.07,0.07,False,-0.04252672197916117,0.0802575660064057
753,target_return_band_750bp,2023-09-29,0.07,0.07,False,-0.05348970163023006,0.07247010350006332
754,target_return_band_750bp,2023-10-31,0.07,0.07,False,-0.0582124166886508,0.07229830268749703
755,target_return_band_750bp,2023-11-30,0.07,0.0631517781360839,True,-0.04506864961861204,0.0631517781360839
756,target_return_band_750bp,2023-12-29,0.07,0.07,False,-0.033157245973014074,0.07509312768041138
757,target_return_band_750bp,2024-01-31,0.07,0.06315104564579363,True,-0.04237908156845989,0.06315104564579363
758,target_return_band_750bp,2024-02-29,0.07,0.07,False,-0.03674112690384506,0.07466643585694134
759,target_return_band_750bp,2024-03-28,0.07,0.07,False,-0.027294998804676382,0.08357207366533229
760,target_return_band_750bp,2024-04-30,0.07,0.06550028473278754,True,-0.03954056805503203,0.06550028473278754
761,target_return_band_750bp,2024-05-31,0.07,0.06723123777533417,True,-0.034002513363688563,0.06723123777533417
762,target_return_band_750bp,2024-06-28,0.07,0.07,False,-0.034090460234947814,0.07426285705153794
763,target_return_band_750bp,2024-07-31,0.07,0.07,False,-0.030394181945579184,0.08192223526260342
764,target_return_band_750bp,2024-08-30,0.07,0.07,False,-0.024892011645614096,0.08498622553374989
765,target_return_band_750bp,2024-09-30,0.07,0.07,False,-0.016653802111153453,0.10091405651414168
766,target_return_band_750bp,2024-10-31,0.07,0.07,False,-0.02586078365167737,0.09306822723905082
767,target_return_band_750bp,2024-11-29,0.07,0.07,False,-0.023201852321011327,0.10225502512214346
768,target_return_band_750bp,2024-12-31,0.07,0.07,False,-0.03171431343155127,0.08894970560824333
769,target_return_band_750bp,2025-01-31,0.07,0.07,False,-0.017332847896039498,0.11697658368966357
770,target_return_band_750bp,2025-02-28,0.07,0.07,False,-0.004020225215658125,0.1172585834249669
771,target_return_band_750bp,2025-03-31,0.07,0.07,False,0.0003817947186541639,0.10864278899555241
772,target_return_band_750bp,2025-04-30,0.07,0.07,False,0.0026406705831879497,0.13505345080393028
773,target_return_band_750bp,2025-05-30,0.07,0.07,False,0.012877165056608051,0.16137194433151264
774,target_return_band_750bp,2025-06-30,0.07,0.07,False,0.025343473258064048,0.18609587304614564
775,target_return_band_750bp,2025-07-31,0.07,0.07,False,0.01816065184534731,0.18755797705204996
776,target_return_band_750bp,2025-08-29,0.07,0.07,False,0.02617993259829655,0.18941730224153472
777,target_return_band_750bp,2025-09-30,0.07,0.07,False,0.04001478658281993,0.24122408977553023
778,target_return_band_750bp,2025-10-31,0.07,0.07,False,0.045489490424446104,0.23844401448762545
779,target_return_band_750bp,2025-11-28,0.07,0.07,False,0.04294138114688324,0.2262811757634037
