allocation_point,allocation,risk_free_allocation,expected_return,volatility
0,0.0,1.0,0.01322738809516006,0.0
1,0.01694915254237288,0.9830508474576272,0.014252971895026629,0.0011671886352579183
2,0.03389830508474576,0.9661016949152542,0.015278555694893198,0.0023343772705158366
3,0.05084745762711865,0.9491525423728814,0.016304139494759767,0.0035015659057737554
4,0.06779661016949153,0.9322033898305084,0.017329723294626335,0.004668754541031673
5,0.0847457627118644,0.9152542372881356,0.0183553070944929,0.005835943176289591
6,0.1016949152542373,0.8983050847457628,0.019380890894359473,0.007003131811547511
7,0.11864406779661017,0.8813559322033898,0.02040647469422604,0.008170320446805428
8,0.13559322033898305,0.864406779661017,0.021432058494092607,0.009337509082063346
9,0.15254237288135594,0.847457627118644,0.022457642293959176,0.010504697717321265
10,0.1694915254237288,0.8305084745762712,0.02348322609382574,0.011671886352579182
11,0.1864406779661017,0.8135593220338984,0.024508809893692314,0.012839074987837103
12,0.2033898305084746,0.7966101694915254,0.025534393693558883,0.014006263623095021
13,0.22033898305084745,0.7796610169491526,0.026559977493425452,0.015173452258352938
14,0.23728813559322035,0.7627118644067796,0.027585561293292017,0.016340640893610855
15,0.2542372881355932,0.7457627118644068,0.028611145093158586,0.017507829528868774
16,0.2711864406779661,0.728813559322034,0.029636728893025155,0.018675018164126693
17,0.288135593220339,0.711864406779661,0.030662312692891724,0.01984220679938461
18,0.3050847457627119,0.6949152542372881,0.03168789649275829,0.02100939543464253
19,0.3220338983050847,0.6779661016949152,0.03271348029262486,0.022176584069900446
20,0.3389830508474576,0.6610169491525424,0.03373906409249143,0.023343772705158364
21,0.3559322033898305,0.6440677966101696,0.034764647892357996,0.024510961340416283
22,0.3728813559322034,0.6271186440677966,0.03579023169222456,0.025678149975674205
23,0.3898305084745763,0.6101694915254237,0.03681581549209113,0.026845338610932124
24,0.4067796610169492,0.5932203389830508,0.037841399291957706,0.028012527246190043
25,0.423728813559322,0.576271186440678,0.03886698309182427,0.029179715881447958
26,0.4406779661016949,0.5593220338983051,0.03989256689169084,0.030346904516705877
27,0.4576271186440678,0.5423728813559322,0.04091815069155741,0.031514093151963796
28,0.4745762711864407,0.5254237288135593,0.04194373449142398,0.03268128178722171
29,0.4915254237288136,0.5084745762711864,0.04296931829129055,0.03384847042247963
30,0.5084745762711864,0.4915254237288136,0.04399490209115711,0.03501565905773755
31,0.5254237288135594,0.47457627118644063,0.045020485891023684,0.03618284769299547
32,0.5423728813559322,0.4576271186440678,0.04604606969089025,0.037350036328253386
33,0.559322033898305,0.44067796610169496,0.047071653490756815,0.0385172249635113
34,0.576271186440678,0.423728813559322,0.04809723729062339,0.03968441359876922
35,0.5932203389830508,0.4067796610169492,0.04912282109048995,0.04085160223402714
36,0.6101694915254238,0.38983050847457623,0.050148404890356525,0.04201879086928506
37,0.6271186440677966,0.3728813559322034,0.05117398869022309,0.043185979504542976
38,0.6440677966101694,0.35593220338983056,0.052199572490089656,0.04435316813980089
39,0.6610169491525424,0.3389830508474576,0.05322515628995623,0.045520356775058814
40,0.6779661016949152,0.3220338983050848,0.054250740089822794,0.04668754541031673
41,0.6949152542372882,0.30508474576271183,0.055276323889689366,0.04785473404557465
42,0.711864406779661,0.288135593220339,0.05630190768955593,0.049021922680832566
43,0.7288135593220338,0.27118644067796616,0.0573274914894225,0.05018911131609048
44,0.7457627118644068,0.2542372881355932,0.05835307528928907,0.05135629995134841
45,0.7627118644067796,0.23728813559322037,0.05937865908915564,0.05252348858660632
46,0.7796610169491526,0.22033898305084743,0.060404242889022214,0.05369067722186425
47,0.7966101694915254,0.2033898305084746,0.06142982668888878,0.054857865857122164
48,0.8135593220338984,0.18644067796610164,0.06245541048875535,0.056025054492380086
49,0.8305084745762712,0.1694915254237288,0.06348099428862192,0.057192243127638
50,0.847457627118644,0.15254237288135597,0.06450657808848848,0.058359431762895916
51,0.864406779661017,0.13559322033898302,0.06553216188835506,0.05952662039815384
52,0.8813559322033898,0.11864406779661019,0.06655774568822162,0.060693809033411754
53,0.8983050847457628,0.10169491525423724,0.06758332948808819,0.061860997668669676
54,0.9152542372881356,0.0847457627118644,0.06860891328795476,0.06302818630392759
55,0.9322033898305084,0.06779661016949157,0.06963449708782132,0.0641953749391855
56,0.9491525423728814,0.05084745762711862,0.0706600808876879,0.06536256357444342
57,0.9661016949152542,0.03389830508474578,0.07168566468755447,0.06652975220970134
58,0.9830508474576272,0.016949152542372836,0.07271124848742103,0.06769694084495927
59,1.0,0.0,0.0737368322872876,0.06886412948021718
