strategy,average_max_weight,maximum_observed_weight,average_effective_assets,minimum_effective_assets,average_decision_weight_change
equal_weight_monthly,0.11111111111111113,0.1111111111111111,9.0,9.0,0.0
equal_weight_quarterly,0.1111111111111111,0.1111111111111111,9.0,9.0,0.0
equal_weight_band_250bp,0.12376820693374416,0.1359941458182479,8.958089324589228,8.841246409610791,0.013114756015986363
equal_weight_band_500bp,0.1344179559541706,0.15901971738407056,8.873096975181486,8.48267277411192,0.011927194871503078
equal_weight_band_750bp,0.14369016851833155,0.1826656195205751,8.737674219507953,8.226783030073348,0.012018352005304631
minimum_variance_monthly,0.3500000000000001,0.35,3.7308834875761154,3.2969205535847586,0.01085584983151912
minimum_variance_quarterly,0.35000000000000014,0.35,3.7320136796282015,3.2969205535847586,0.022513951689891135
minimum_variance_band_250bp,0.3484928617003198,0.3726256022579904,3.7619117926344643,3.25211869298441,0.011683922084815997
minimum_variance_band_500bp,0.34568878369700184,0.373917398329924,3.798908582249333,3.2521186929844093,0.010226553595218795
minimum_variance_band_750bp,0.3463934983995724,0.3813828897156353,3.8164843078978796,3.2521186929844097,0.009885305996433582
mean_variance_monthly,0.35000000000000003,0.35,3.2090843504932094,2.9850746268656647,0.11472188689530644
mean_variance_quarterly,0.35000000000000014,0.35,3.1670292397898434,2.9850746268656674,0.19846055860653938
mean_variance_band_250bp,0.3520251317272282,0.3691857800554136,3.20869210817768,2.959063474323754,0.11719298436810408
mean_variance_band_500bp,0.35421120663026157,0.3948976030649928,3.204344476100528,2.922458741642938,0.11549495025424948
mean_variance_band_750bp,0.35402642211739394,0.3897054886386739,3.226957329023749,2.9532755505308805,0.10861410477317593
target_return_monthly,0.34380269531550367,0.35,3.7420034522569976,2.9850746268656714,0.11720041118192046
target_return_quarterly,0.3436480163726754,0.35,3.730201613686803,2.9850746268656714,0.2031644910337432
target_return_band_250bp,0.3437601684062125,0.3635652305572293,3.744107999476054,2.9826643088549885,0.11666696775006752
target_return_band_500bp,0.3435220060607886,0.3635652305572293,3.7516092974523896,2.9826643088549885,0.11171848601367744
target_return_band_750bp,0.34494256671430973,0.3638464350030429,3.733204531018834,2.982664308854988,0.10669233583064405
maximum_sharpe_monthly,0.3493177135924185,0.35,3.6607738482984593,2.9850746268653037,0.07841725087418124
maximum_sharpe_quarterly,0.34999621111202117,0.35,3.6772779660410007,2.9850746268653996,0.13665892981674677
maximum_sharpe_band_250bp,0.34997095190741423,0.3732379085056478,3.6645326431997893,2.970008829662137,0.07870279022013225
maximum_sharpe_band_500bp,0.3507173316509054,0.3903637062221611,3.670924536857538,2.9537006789818565,0.07465879110948412
maximum_sharpe_band_750bp,0.34955966362847163,0.4082411244014005,3.6799967299893206,2.9158397157760896,0.0677724399797436
