,equal_weight,minimum_variance,mean_variance,target_return,maximum_sharpe
VTI,0.1111111111111111,0.06738900480529321,0.35,0.328909159491868,0.35
VEA,0.1111111111111111,0.01612081739859208,0.011226240941721347,0.0,0.0
VWO,0.1111111111111111,0.0021686803570337976,0.0,0.0,0.0
IEF,0.1111111111111111,0.23720136419059126,0.0,0.3107589447639214,0.3292299409512071
TIP,0.1111111111111111,0.3271201332484897,0.0,0.0,0.0
LQD,0.1111111111111111,0.0,0.16474146852346339,0.0,0.0
VNQ,0.1111111111111111,0.0,0.1240322905348149,0.0,0.0
GLD,0.1111111111111111,0.0,0.35,0.15172881057259385,0.1630962159366927
BIL,0.1111111111111111,0.35,0.0,0.20860308517161671,0.15767384311209626
