,VTI,VEA,VWO,IEF,TIP,LQD,VNQ,GLD,BIL
VTI,1.0,0.8846721740360788,0.8205552381646983,-0.2964350366400767,-0.08853505272510695,0.2053478448116028,0.7612103085922126,0.04792832317795278,-0.10580618873988243
VEA,0.8846721740360788,1.0,0.871248210929102,-0.2661728188753778,-0.05029452722853068,0.23362057641747272,0.6900952175489534,0.14474591667032558,-0.116729693560973
VWO,0.8205552381646983,0.871248210929102,1.0,-0.276088574026309,-0.07467204380775018,0.19861659295908946,0.6588256547808728,0.15394092183937627,-0.13093597173239155
IEF,-0.2964350366400767,-0.2661728188753778,-0.276088574026309,1.0,0.7547587176272854,0.555993039896047,-0.14791859959449363,0.23781250255459035,0.06585339302293809
TIP,-0.08853505272510695,-0.05029452722853068,-0.07467204380775018,0.7547587176272854,1.0,0.5297954236481208,-0.036148691784744585,0.291132736389837,0.04181774994167369
LQD,0.2053478448116028,0.23362057641747272,0.19861659295908946,0.555993039896047,0.5297954236481208,1.0,0.19634364806982096,0.1674251488714383,-0.18489939917071513
VNQ,0.7612103085922126,0.6900952175489534,0.6588256547808728,-0.14791859959449363,-0.036148691784744585,0.19634364806982096,1.0,0.054543395897239326,-0.06031353408665555
GLD,0.04792832317795278,0.14474591667032558,0.15394092183937627,0.23781250255459035,0.291132736389837,0.1674251488714383,0.054543395897239326,1.0,0.04844861217788035
BIL,-0.10580618873988243,-0.116729693560973,-0.13093597173239155,0.06585339302293809,0.04181774994167369,-0.18489939917071513,-0.06031353408665555,0.04844861217788035,1.0
