cost_bps,strategy,start_date,end_date,observations,periods_per_year,initial_value,final_value,total_return,annualized_return,annualized_volatility,sharpe_ratio,maximum_drawdown,calmar_ratio,rebalance_trigger,rebalance_trigger_description,rebalance_frequency,rebalance_threshold,number_of_rebalances,total_turnover,average_turnover,transaction_cost_rate,total_transaction_cost,average_transaction_cost,transaction_cost_to_initial_value,tracking_error,beta,information_ratio
0.0,equal_weight_monthly,2011-01-03,2025-12-31,3771,252,100.0,236.00422512094426,1.3600422512094426,0.059060214835860325,0.08350084090470641,0.5704240450394503,0.19534215241407826,0.30234239822783826,walk_forward,monthly,monthly,,179,1.9429925335982365,0.01085470689161026,0.0,0.0,0.0,0.0,0.04011852638546617,0.7475880148937467,-0.35043988475431226
0.0,equal_weight_quarterly,2011-01-03,2025-12-31,3771,252,100.0,237.82044539030747,1.3782044539030749,0.0596029136634002,0.08308993233511412,0.5790033645437253,0.19667895211396136,0.3030467318580414,walk_forward,quarterly,quarterly,,59,1.1493101795737126,0.019479833552096825,0.0,0.0,0.0,0.0,0.04087228271804173,0.7416093638153396,-0.33230332351738995
0.0,equal_weight_band_250bp,2011-01-03,2025-12-31,3771,252,100.0,241.92093093858284,1.4192093093858285,0.060814080365466205,0.08535103896549508,0.5793059567485381,0.19435697734079171,0.3128988791528326,threshold,estimate:monthly; execute:0.025,monthly,0.025,14,0.7153037260906283,0.051093123292187737,0.0,0.0,0.0,0.0,0.038965339122225134,0.7662213275037387,-0.3143318613196897
0.0,equal_weight_band_500bp,2011-01-03,2025-12-31,3771,252,100.0,235.5889948427385,1.355889948427385,0.05893559399474513,0.08481141637586674,0.561587659624646,0.2034343151257877,0.2897033077153381,threshold,estimate:monthly; execute:0.05,monthly,0.05,4,0.308176685902936,0.077044171475734,0.0,0.0,0.0,0.0,0.038819769097923076,0.7625048798950587,-0.362305613526777
0.0,equal_weight_band_750bp,2011-01-03,2025-12-31,3771,252,100.0,240.3717507385375,1.403717507385375,0.06035876446209687,0.08386973256804776,0.5828951384838174,0.20331538072734245,0.29687259392855,threshold,estimate:monthly; execute:0.075,monthly,0.075,2,0.24485476822316543,0.12242738411158272,0.0,0.0,0.0,0.0,0.04033231538080633,0.7496443842157293,-0.31742179173941765
0.0,minimum_variance_monthly,2011-01-03,2025-12-31,3771,252,100.0,160.09135670450576,0.6009135670450576,0.03194616741173473,0.0336903490477133,0.5579655638398068,0.11876878218349396,0.26897781407221066,walk_forward,monthly,monthly,,179,2.38511414559599,0.013324660031262514,0.0,0.0,0.0,0.0,0.09292071409770321,0.15378454761114868,-0.46195131094433517
0.0,minimum_variance_quarterly,2011-01-03,2025-12-31,3771,252,100.0,160.800329848422,0.6080032984842199,0.03225093388833211,0.033785410991028324,0.5652590863624942,0.11950053400093796,0.2698810859546366,walk_forward,quarterly,quarterly,,59,1.5962499136094441,0.027055083281516002,0.0,0.0,0.0,0.0,0.09308444151764642,0.15267470692175752,-0.45793182309322766
0.0,minimum_variance_band_250bp,2011-01-03,2025-12-31,3771,252,100.0,161.06871897718412,0.6106871897718411,0.03236597929755414,0.03378751210394147,0.5684851462731948,0.11744158647458514,0.2755921498434311,threshold,estimate:monthly; execute:0.025,monthly,0.025,31,1.485283794299538,0.04791238046127542,0.0,0.0,0.0,0.0,0.09257328985320352,0.15706246285056763,-0.45925543216207665
0.0,minimum_variance_band_500bp,2011-01-03,2025-12-31,3771,252,100.0,159.5364860246218,0.595364860246218,0.03170676513582471,0.03397171252928267,0.5466910733239203,0.11827187500638092,0.26808372771729616,threshold,estimate:monthly; execute:0.05,monthly,0.05,12,1.0118696461032584,0.08432247050860486,0.0,0.0,0.0,0.0,0.09210530384488906,0.16162874785240103,-0.46845627262243966
0.0,minimum_variance_band_750bp,2011-01-03,2025-12-31,3771,252,100.0,161.43416857198554,0.6143416857198554,0.03252234252958841,0.034003664418479025,0.5694436433633966,0.11596790446048189,0.28044261626432143,threshold,estimate:monthly; execute:0.075,monthly,0.075,8,0.9173209264972559,0.11466511581215699,0.0,0.0,0.0,0.0,0.09195008653314604,0.16304794149681223,-0.46063975626986325
0.0,mean_variance_monthly,2011-01-03,2025-12-31,3771,252,100.0,283.2949356098472,1.8329493560984718,0.0720652261221606,0.1040631654377019,0.5935175306602796,0.22588895400577969,0.3190294383333003,walk_forward,monthly,monthly,,179,21.316159673604453,0.11908469091399136,0.0,0.0,0.0,0.0,0.06898408803055779,0.780248473804959,0.0011938502713167306
0.0,mean_variance_quarterly,2011-01-03,2025-12-31,3771,252,100.0,260.40017942380643,1.6040017942380644,0.06604503267858597,0.10807936440110152,0.5233700822305538,0.2621149039796008,0.2519697723244534,walk_forward,quarterly,quarterly,,59,12.211889824249452,0.20698118346185512,0.0,0.0,0.0,0.0,0.069612260614239,0.8155635484470946,-0.0734442441452701
0.0,mean_variance_band_250bp,2011-01-03,2025-12-31,3771,252,100.0,285.0624742170958,1.8506247421709583,0.07251091752311711,0.10457018833558397,0.5951259702596067,0.2270905405324566,0.3193039981018214,threshold,estimate:monthly; execute:0.025,monthly,0.025,146,21.366857127862904,0.14634833649221168,0.0,0.0,0.0,0.0,0.06823650607297724,0.7898680569675742,0.008081506478308237
0.0,mean_variance_band_500bp,2011-01-03,2025-12-31,3771,252,100.0,285.75093503385364,1.8575093503385363,0.07268381792449685,0.10447529910908697,0.5971088004410245,0.22588895400577946,0.32176791576376595,threshold,estimate:monthly; execute:0.05,monthly,0.05,116,20.545268540002695,0.17711438396554047,0.0,0.0,0.0,0.0,0.06940528929043262,0.7815252619839006,0.010114702416833933
0.0,mean_variance_band_750bp,2011-01-03,2025-12-31,3771,252,100.0,284.8345835399751,1.8483458353997508,0.07245359909293092,0.10401097438145504,0.5972299740507994,0.2258889540057799,0.32074874759514366,threshold,estimate:monthly; execute:0.075,monthly,0.075,93,18.97694451985068,0.20405316688011482,0.0,0.0,0.0,0.0,0.0689783181010495,0.7797838700625226,0.006368774960826635
0.0,target_return_monthly,2011-01-03,2025-12-31,3771,252,100.0,297.7492012529344,1.9774920125293445,0.07563626060659345,0.067951202992623,0.9123574990644515,0.1640392583398359,0.46108633611290634,walk_forward,monthly,monthly,,179,21.54424152639514,0.1203588912089114,0.0,0.0,0.0,0.0,0.07689972984551764,0.44015839615609675,0.003738694873740891
0.0,target_return_quarterly,2011-01-03,2025-12-31,3771,252,100.0,278.68430427753907,1.7868430427753905,0.07089030964636756,0.06767175971413847,0.8504872511695466,0.15566969497218908,0.45538927572918,walk_forward,quarterly,quarterly,,59,12.456089882634782,0.21112016750228443,0.0,0.0,0.0,0.0,0.07609691793826812,0.4440792835946913,-0.0545919343619634
0.0,target_return_band_250bp,2011-01-03,2025-12-31,3771,252,100.0,299.48587086727537,1.9948587086727536,0.07605437677265359,0.06829512437486146,0.9137887512668889,0.16403925833983668,0.4636352147794605,threshold,estimate:monthly; execute:0.025,monthly,0.025,164,21.433400885291057,0.13069146881275034,0.0,0.0,0.0,0.0,0.07647821065745769,0.4453064526415676,0.009147141615101226
0.0,target_return_band_500bp,2011-01-03,2025-12-31,3771,252,100.0,302.51708305893965,2.0251708305893965,0.07677877228481034,0.06829353983930991,0.9236743568090754,0.16067824780978812,0.47784173235260513,threshold,estimate:monthly; execute:0.05,monthly,0.05,126,20.168926235089874,0.1600708431356339,0.0,0.0,0.0,0.0,0.07687221238366565,0.44250704349424314,0.017853027683708514
0.0,target_return_band_750bp,2011-01-03,2025-12-31,3771,252,100.0,301.8855476200949,2.0188554762009487,0.07662840903520785,0.06802572388495969,0.925015269355617,0.16078605701628146,0.4765861571407795,threshold,estimate:monthly; execute:0.075,monthly,0.075,97,18.955249794332786,0.1954149463333277,0.0,0.0,0.0,0.0,0.07709444904969373,0.43924186837844714,0.015755662772838498
0.0,maximum_sharpe_monthly,2011-01-03,2025-12-31,3771,252,100.0,258.42481163787204,1.5842481163787205,0.06550269692144339,0.0628210029437615,0.8309629666423757,0.170071043822702,0.3851490262488748,walk_forward,monthly,monthly,,179,14.234165981589069,0.07952048034407301,0.0,0.0,0.0,0.0,0.07806967043983729,0.4008153370010155,-0.12184574688504962
0.0,maximum_sharpe_quarterly,2011-01-03,2025-12-31,3771,252,100.0,266.83067284700536,1.6683067284700535,0.06778430911720124,0.06350610905159605,0.8563784902127832,0.16693542248586524,0.40605108315426985,walk_forward,quarterly,quarterly,,59,8.321205965871336,0.14103738925205653,0.0,0.0,0.0,0.0,0.07655110258817047,0.41565104105658024,-0.09574452667286926
0.0,maximum_sharpe_band_250bp,2011-01-03,2025-12-31,3771,252,100.0,260.3895972888085,1.6038959728880848,0.06604213760362909,0.0631350316178777,0.8351650436574106,0.16992364800705329,0.38865771997131193,threshold,estimate:monthly; execute:0.025,monthly,0.025,148,14.161244517550944,0.09568408457804692,0.0,0.0,0.0,0.0,0.07753585686396537,0.40647623253219956,-0.11590166476470323
0.0,maximum_sharpe_band_500bp,2011-01-03,2025-12-31,3771,252,100.0,262.9044463487622,1.629044463487622,0.06672708518188242,0.06307706422067987,0.8460692644862193,0.16860055232166604,0.39577026446850877,threshold,estimate:monthly; execute:0.05,monthly,0.05,101,12.73305653229274,0.12606986665636374,0.0,0.0,0.0,0.0,0.07816003551236211,0.4016518764886511,-0.10680191421434028
0.0,maximum_sharpe_band_750bp,2011-01-03,2025-12-31,3771,252,100.0,265.1368598135439,1.6513685981354387,0.06733000471527006,0.0636384098310102,0.8480384389341401,0.16448986230184592,0.40932616620297624,threshold,estimate:monthly; execute:0.075,monthly,0.075,75,11.350214813806781,0.15133619751742375,0.0,0.0,0.0,0.0,0.07648481938182262,0.4168959319762994,-0.1012783049665551
5.0,equal_weight_monthly,2011-01-03,2025-12-31,3771,252,100.0,235.54611249511703,1.3554611249511703,0.05892271227057222,0.08350092687689897,0.5688691045433932,0.19544841912385058,0.3014744889455178,walk_forward,monthly,monthly,,179,1.9429925335982365,0.01085470689161026,0.0005,0.28208964022031524,0.0015759197777671242,0.0028208964022031525,0.040118059391013566,0.7475879189271356,-0.35219968494656945
5.0,equal_weight_quarterly,2011-01-03,2025-12-31,3771,252,100.0,237.54726899135642,1.3754726899135643,0.05952153435188423,0.08308990883714379,0.5780794846629975,0.19673753335783728,0.3025428515646942,walk_forward,quarterly,quarterly,,59,1.149310179573713,0.019479833552096832,0.0005,0.16768156618663463,0.002842060443841265,0.0016768156618663464,0.04087202483317699,0.7416077281940819,-0.33273103983778396
5.0,equal_weight_band_250bp,2011-01-03,2025-12-31,3771,252,100.0,241.74794124125106,1.4174794124125105,0.06076337253626618,0.085350097648638,0.5787516417210788,0.19442900099748395,0.31252216605820293,threshold,estimate:monthly; execute:0.025,monthly,0.025,14,0.7153037260906284,0.05109312329218774,0.0005,0.10957434283768248,0.007826738774120177,0.0010957434283768248,0.038962775941588375,0.7662204548095766,-0.31405651563385373
5.0,equal_weight_band_500bp,2011-01-03,2025-12-31,3771,252,100.0,235.51640008896527,1.3551640008896526,0.05891378547239334,0.08481178808647111,0.5613428239316449,0.2034343151257889,0.28959610592719015,threshold,estimate:monthly; execute:0.05,monthly,0.05,4,0.308176685902936,0.077044171475734,0.0005,0.05523538769115379,0.013808846922788448,0.000552353876911538,0.03882004825843017,0.762504151515257,-0.36130202979472326
5.0,equal_weight_band_750bp,2011-01-03,2025-12-31,3771,252,100.0,240.31289816977815,1.4031289816977814,0.06034141330451814,0.08387023906140274,0.5826972135212272,0.2033153807273438,0.2967872528317916,threshold,estimate:monthly; execute:0.075,monthly,0.075,2,0.24485476822316543,0.12242738411158272,0.0005,0.04229568320396941,0.021147841601984706,0.00042295683203969414,0.04033435961707908,0.7496381842275615,-0.31633711369456774
5.0,minimum_variance_monthly,2011-01-03,2025-12-31,3771,252,100.0,159.70996861112718,0.5970996861112718,0.031781698615748644,0.0336890702431604,0.5532515247161292,0.1188837488205452,0.26733425662512594,walk_forward,monthly,monthly,,179,2.385114145595989,0.01332466003126251,0.0005,0.3064799073429489,0.0017121782533125636,0.003064799073429489,0.09291869176928208,0.15380140034117207,-0.4630378601381941
5.0,minimum_variance_quarterly,2011-01-03,2025-12-31,3771,252,100.0,160.54385027715944,0.6054385027715943,0.032140825968672626,0.03378321291124752,0.5621349214329439,0.11958320011172341,0.26877375700469885,walk_forward,quarterly,quarterly,,59,1.5962499136094448,0.027055083281516012,0.0005,0.20665399873590226,0.00350261014806614,0.0020665399873590227,0.09308383946361498,0.15267651589496278,-0.45844330344215234
5.0,minimum_variance_band_250bp,2011-01-03,2025-12-31,3771,252,100.0,160.829655176799,0.6082965517679901,0.03226351295124652,0.03378740137591725,0.5655461483472773,0.11748455204209896,0.2746191936765043,threshold,estimate:monthly; execute:0.025,monthly,0.025,31,1.485283794299538,0.04791238046127542,0.0005,0.1920834147098373,0.0061962391841883,0.0019208341470983731,0.0925691675142539,0.15710079960622567,-0.4597063596094646
5.0,minimum_variance_band_500bp,2011-01-03,2025-12-31,3771,252,100.0,159.37512974638366,0.5937512974638366,0.031637001169190215,0.033969959641592766,0.5447249319381653,0.1183369461261522,0.26734677718878963,threshold,estimate:monthly; execute:0.05,monthly,0.05,12,1.0118696461032586,0.08432247050860488,0.0005,0.13241209760880446,0.011034341467400371,0.0013241209760880446,0.09210357374491107,0.1616413641026523,-0.4685547991314213
5.0,minimum_variance_band_750bp,2011-01-03,2025-12-31,3771,252,100.0,161.28614055492972,0.6128614055492971,0.03245904630520724,0.03400183962258747,0.5676676075320506,0.11596790446048333,0.2798968081402888,threshold,estimate:monthly; execute:0.075,monthly,0.075,8,0.9173209264972558,0.11466511581215698,0.0005,0.11799835217239524,0.014749794021549405,0.0011799835217239524,0.09194800440305526,0.16306327643724977,-0.4606713735249372
5.0,mean_variance_monthly,2011-01-03,2025-12-31,3771,252,100.0,277.3194227274019,1.7731942272740189,0.07053901956815434,0.10404464825307207,0.5799170139630369,0.22610940917693656,0.3119685280896723,walk_forward,monthly,monthly,,179,21.316159673604453,0.11908469091399136,0.0005,3.1255648658723443,0.01746125623392371,0.03125564865872344,0.06897079335839637,0.7801524235386318,-0.018632733879749654
5.0,mean_variance_quarterly,2011-01-03,2025-12-31,3771,252,100.0,257.23896748270636,1.5723896748270634,0.06517526307167176,0.10808272217017216,0.5158099087203962,0.265031620268276,0.24591504593187283,walk_forward,quarterly,quarterly,,59,12.21188982424945,0.2069811834618551,0.0005,1.7278110771301463,0.029284933510680445,0.017278110771301463,0.0696212192035426,0.8155363001384609,-0.08430217987272635
5.0,mean_variance_band_250bp,2011-01-03,2025-12-31,3771,252,100.0,279.0355263793754,1.7903552637937543,0.0709804466418118,0.10455476488990674,0.581545128069877,0.22733585964436132,0.3122272339825837,threshold,estimate:monthly; execute:0.025,monthly,0.025,146,21.366857127862904,0.14634833649221168,0.0005,3.1354443456571692,0.021475646203131298,0.03135444345657169,0.06822239206450534,0.7898051526141018,-0.012006137767377693
5.0,mean_variance_band_500bp,2011-01-03,2025-12-31,3771,252,100.0,279.93932611440306,1.7993932611440306,0.07121191028805307,0.10445534306384441,0.5840621002868737,0.22610940917693667,0.3149444799633608,threshold,estimate:monthly; execute:0.05,monthly,0.05,116,20.545268540002695,0.17711438396554047,0.0005,3.0159240132427967,0.025999344941748246,0.030159240132427968,0.06938862562260473,0.7814367190319895,-0.008849960093136006
5.0,mean_variance_band_750bp,2011-01-03,2025-12-31,3771,252,100.0,279.47960608686594,1.7947960608686593,0.07109426300309396,0.10399249323806288,0.5851257277816128,0.2261094091769369,0.3144241686442192,threshold,estimate:monthly; execute:0.075,monthly,0.075,93,18.976944519850683,0.20405316688011488,0.0005,2.839459605898339,0.030531823719336975,0.02839459605898339,0.06896406796630924,0.7796943367709346,-0.011191293642094667
5.0,target_return_monthly,2011-01-03,2025-12-31,3771,252,100.0,291.4023461433336,1.9140234614333362,0.07408860197031308,0.06792959050473053,0.8914215231731099,0.165165765541897,0.4485711777330714,walk_forward,monthly,monthly,,179,21.544241526395147,0.12035889120891144,0.0005,3.5278376934495252,0.019708590466198467,0.03527837693449525,0.07689661899379416,0.4400455075192197,-0.014237105993804627
5.0,target_return_quarterly,2011-01-03,2025-12-31,3771,252,100.0,275.2339961572661,1.7523399615726611,0.06999914897797233,0.06767221532633962,0.8381777540598174,0.1565933204057781,0.4470123552944946,walk_forward,quarterly,quarterly,,59,12.456089882634785,0.2111201675022845,0.0005,1.9568004128384127,0.03316610869217648,0.019568004128384126,0.07609702549813034,0.4440819367676199,-0.06475344774842977
5.0,target_return_band_250bp,2011-01-03,2025-12-31,3771,252,100.0,293.13448660525523,1.9313448660525525,0.07451407556365286,0.06827463729871666,0.8930536946913575,0.16516576554189633,0.45114721757973175,threshold,estimate:monthly; execute:0.025,monthly,0.025,164,21.433400885291054,0.13069146881275032,0.0005,3.5141745744693482,0.021427893746764317,0.03514174574469348,0.07647462003598504,0.44520318711925094,-0.008829758520186954
5.0,target_return_band_500bp,2011-01-03,2025-12-31,3771,252,100.0,296.47606543976354,1.9647606543976353,0.07532829547704156,0.06827271936309622,0.9041821475697931,0.1617737912867544,0.4656396742505548,threshold,estimate:monthly; execute:0.05,monthly,0.05,126,20.168926235089874,0.1600708431356339,0.0005,3.3266973614538498,0.02640236001153849,0.033266973614538495,0.07686857390720568,0.4424021776862169,0.0010678973643939943
5.0,target_return_band_750bp,2011-01-03,2025-12-31,3771,252,100.0,296.2164181584494,1.9621641815844941,0.07526533663213542,0.06800353758321015,0.9066571146460823,0.16186301411992576,0.4649940385786382,threshold,estimate:monthly; execute:0.075,monthly,0.075,97,18.955249794332783,0.19541494633332765,0.0005,3.144309815679577,0.03241556511009873,0.03144309815679577,0.07709385853042863,0.43910735303773696,7.000822197606719e-05
5.0,maximum_sharpe_monthly,2011-01-03,2025-12-31,3771,252,100.0,254.77214450303353,1.5477214450303354,0.06448958980665309,0.0628108598988722,0.815942787078383,0.17108288120024095,0.37694940226762014,walk_forward,monthly,monthly,,179,14.234165981589065,0.07952048034407298,0.0005,1.990105742857192,0.01111790917797314,0.01990105742857192,0.07806539847855992,0.40078829772736135,-0.1332879030415485
5.0,maximum_sharpe_quarterly,2011-01-03,2025-12-31,3771,252,100.0,264.61929623906013,1.6461929623906015,0.06719064662112384,0.06350245463459578,0.8476689229623625,0.16737465948554364,0.4014385859104746,walk_forward,quarterly,quarterly,,59,8.321205965871338,0.14103738925205656,0.0005,1.177172514809466,0.01995207652219434,0.01177172514809466,0.07655509884916266,0.4156022141016773,-0.10223249820956135
5.0,maximum_sharpe_band_250bp,2011-01-03,2025-12-31,3771,252,100.0,256.7278755881681,1.5672787558816812,0.06503370643005524,0.06312749348726812,0.8202660247731391,0.1709321813776291,0.38046496514533207,threshold,estimate:monthly; execute:0.025,monthly,0.025,148,14.161244517550944,0.09568408457804692,0.0005,1.9840949112553505,0.013406046697671287,0.019840949112553505,0.07752997461519781,0.4064753422091522,-0.12735995769014105
5.0,maximum_sharpe_band_500bp,2011-01-03,2025-12-31,3771,252,100.0,259.57782103513466,1.5957782103513467,0.06581972282989446,0.06306872899359833,0.8326797027391861,0.16961590986355268,0.3880515859794229,threshold,estimate:monthly; execute:0.05,monthly,0.05,101,12.733056532292743,0.1260698666563638,0.0005,1.782906762683554,0.017652542204787663,0.01782906762683554,0.07815394989547146,0.40164823978151154,-0.116947555192411
5.0,maximum_sharpe_band_750bp,2011-01-03,2025-12-31,3771,252,100.0,262.1442427422065,1.621442427422065,0.06652068220464624,0.06363179853968426,0.8361998112069644,0.16540444076305227,0.40216986858254594,threshold,estimate:monthly; execute:0.075,monthly,0.075,75,11.350214813806781,0.15133619751742375,0.0005,1.5919574129162906,0.021226098838883874,0.015919574129162905,0.07647811579820382,0.4169052609727222,-0.11043666250571284
10.0,equal_weight_monthly,2011-01-03,2025-12-31,3771,252,100.0,235.08888238583506,1.3508888238583507,0.05878522553077459,0.08350103487851303,0.5673140171696197,0.19555467331126686,0.3006076231029539,walk_forward,monthly,monthly,,179,1.942992533598237,0.010854706891610262,0.001,0.5635672989766152,0.0031484206646738276,0.005635672989766151,0.040117633498641614,0.7475877594209147,-0.35395916346387674
10.0,equal_weight_quarterly,2011-01-03,2025-12-31,3771,252,100.0,237.27439848927656,1.3727439848927658,0.059440158935705645,0.08308991165498637,0.5771554213253819,0.19679611150035192,0.30203929580996497,walk_forward,quarterly,quarterly,,59,1.1493101795737126,0.019479833552096825,0.001,0.33515031737669987,0.005680513853842371,0.0033515031737669987,0.040871771922228566,0.7416061965627923,-0.3331587210116603
10.0,equal_weight_band_250bp,2011-01-03,2025-12-31,3771,252,100.0,241.57506598945088,1.4157506598945089,0.060712664415720985,0.08534918636463253,0.5781971108366442,0.19450102145769366,0.31214573558898623,threshold,estimate:monthly; execute:0.025,monthly,0.025,14,0.7153037260906283,0.051093123292187737,0.001,0.21906471262438162,0.015647479473170117,0.002190647126243816,0.038960324525656856,0.7662193290109076,-0.3137802335805275
10.0,equal_weight_band_500bp,2011-01-03,2025-12-31,3771,252,100.0,235.44382189732073,1.3544382189732072,0.05889197565382309,0.08481217914170677,0.5610978624780797,0.20343431512578847,0.28948889776736403,threshold,estimate:monthly; execute:0.05,monthly,0.05,4,0.3081766859029359,0.07704417147573397,0.001,0.11045586913749775,0.027613967284374437,0.0011045586913749775,0.038820415635964646,0.7625031724357614,-0.36029764174011975
10.0,equal_weight_band_750bp,2011-01-03,2025-12-31,3771,252,100.0,240.25405280212902,1.4025405280212904,0.06032406030494286,0.08387076933848722,0.5824991258254463,0.20331538072734334,0.29670190267523644,threshold,estimate:monthly; execute:0.075,monthly,0.075,2,0.24485476822316538,0.12242738411158269,0.001,0.08458519974014572,0.04229259987007286,0.0008458519974014572,0.04033649738495285,0.7496317380515687,-0.31525181458963364
10.0,minimum_variance_monthly,2011-01-03,2025-12-31,3771,252,100.0,159.3294752685257,0.593294752685257,0.03161725004583271,0.03368796083354752,0.5485343624451283,0.11899870203317908,0.2656940748565243,walk_forward,monthly,monthly,,179,2.3851141455959906,0.013324660031262517,0.001,0.6121970760084483,0.003420095396695242,0.006121970760084483,0.09291671153883176,0.1538185316562419,-0.46412424634761473
10.0,minimum_variance_quarterly,2011-01-03,2025-12-31,3771,252,100.0,160.28776619476193,0.6028776619476193,0.03203072394198214,0.033781181475207415,0.5590075786594938,0.11966586067800455,0.2676680196047729,walk_forward,quarterly,quarterly,,59,1.596249913609444,0.027055083281516,0.001,0.4129698788504555,0.006999489472041619,0.004129698788504555,0.09308326542089457,0.15267871806629157,-0.45895465229540705
10.0,minimum_variance_band_250bp,2011-01-03,2025-12-31,3771,252,100.0,160.5909289888734,0.6059092898887339,0.03216104938143416,0.03378750157993912,0.5626036285030741,0.11752751760961277,0.27364697251806547,threshold,estimate:monthly; execute:0.025,monthly,0.025,31,1.4852837942995378,0.04791238046127541,0.001,0.38387799995107263,0.012383161288744279,0.0038387799995107264,0.09256511036590412,0.15713934722444614,-0.46015700314665525
10.0,minimum_variance_band_500bp,2011-01-03,2025-12-31,3771,252,100.0,159.21392108608143,0.5921392108608143,0.03156723517475801,0.03396839900285815,0.5427555214260656,0.11840201724592248,0.2666106195572029,threshold,estimate:monthly; execute:0.05,monthly,0.05,12,1.0118696461032586,0.08432247050860488,0.001,0.26469432927761405,0.022057860773134503,0.0026469432927761407,0.09210190503603762,0.16165417185381825,-0.46865301695813993
10.0,minimum_variance_band_750bp,2011-01-03,2025-12-31,3771,252,100.0,161.13823033275955,0.6113823033275956,0.032395746279989535,0.03400023357657787,0.5658877445792577,0.11596790446048144,0.2793509672413636,threshold,estimate:monthly; execute:0.075,monthly,0.075,8,0.9173209264972558,0.11466511581215698,0.001,0.2358961709939124,0.02948702137423905,0.002358961709939124,0.09194599787102295,0.1630787662893679,-0.46070261342166896
10.0,mean_variance_monthly,2011-01-03,2025-12-31,3771,252,100.0,271.4686591185663,1.7146865911856626,0.06901464584295125,0.10402911656497368,0.5662953761004434,0.22632986434809343,0.30492947115811153,walk_forward,monthly,monthly,,179,21.316159673604453,0.11908469091399136,0.001,6.18031617564206,0.03452690600917352,0.0618031617564206,0.06896179613250458,0.7800576120916124,-0.038464565849768866
10.0,mean_variance_quarterly,2011-01-03,2025-12-31,3771,252,100.0,254.11500207913122,1.5411500207913122,0.06430588682254479,0.10808879532433273,0.508237411219254,0.26793831982011385,0.24000257546482312,walk_forward,quarterly,quarterly,,59,12.211889824249452,0.20698118346185512,0.001,3.4337190175763763,0.05819862741654875,0.03433719017576376,0.06963402908090913,0.8155112810095213,-0.09515205872627754
10.0,mean_variance_band_250bp,2011-01-03,2025-12-31,3771,252,100.0,273.1346928868433,1.731346928868433,0.06945181678795898,0.1045423378972387,0.567943970332541,0.227581164395521,0.30517383533224357,threshold,estimate:monthly; execute:0.025,monthly,0.025,146,21.3668571278629,0.14634833649221166,0.001,6.199687850048436,0.04246361541129066,0.06199687850048436,0.06821266288971513,0.7897434656006268,-0.032100031709930886
10.0,mean_variance_band_500bp,2011-01-03,2025-12-31,3771,252,100.0,274.2445864809909,1.742445864809909,0.0697416763696721,0.10443841736461522,0.5709938194524227,0.2263298643480932,0.3081417318503318,threshold,estimate:monthly; execute:0.05,monthly,0.05,116,20.545268540002695,0.17711438396554047,0.001,5.96615962277606,0.05143241054117293,0.0596615962277606,0.06937631455939594,0.7813494376346952,-0.027821987877866917
10.0,mean_variance_band_750bp,2011-01-03,2025-12-31,3771,252,100.0,274.22402308161,1.7422402308161002,0.06973631599722951,0.10397695917214435,0.5730009378614415,0.22632986434809355,0.3081180479566568,threshold,estimate:monthly; execute:0.075,monthly,0.075,93,18.97694451985068,0.20405316688011482,0.001,5.621808037003821,0.060449548784987324,0.05621808037003821,0.06895408148803259,0.7796058747336289,-0.028756842424696262
10.0,target_return_monthly,2011-01-03,2025-12-31,3771,252,100.0,285.18944659417645,1.8518944659417644,0.07254283471601819,0.06791247349426786,0.8704148102870263,0.16629099563853678,0.4362403053602675,walk_forward,monthly,monthly,,179,21.54424152639514,0.1203588912089114,0.001,6.970979592086509,0.0389440200675224,0.0697097959208651,0.07689731203686122,0.43993386369846865,-0.03221276778748938
10.0,target_return_quarterly,2011-01-03,2025-12-31,3771,252,100.0,271.8253748687025,1.718253748687025,0.06910845908101626,0.06767637072402695,0.8258232834487912,0.15751623003871873,0.4387386560993039,walk_forward,quarterly,quarterly,,59,12.456089882634783,0.21112016750228446,0.001,3.8869831237306776,0.0658810698937403,0.03886983123730678,0.07610005588582827,0.4440871896495656,-0.07491205509924516
10.0,target_return_band_250bp,2011-01-03,2025-12-31,3771,252,100.0,286.9164582672944,1.8691645826729437,0.07297564385619526,0.06825862177538157,0.8722492544840547,0.16629099563853889,0.43884302680356757,threshold,estimate:monthly; execute:0.025,monthly,0.025,164,21.433400885291054,0.13069146881275032,0.001,6.944441047300947,0.042344152727444795,0.06944441047300946,0.07647485542818265,0.4451011449596549,-0.026807005617156956
10.0,target_return_band_500bp,2011-01-03,2025-12-31,3771,252,100.0,290.55432684306425,1.9055432684306424,0.07387943783781337,0.0682563710126477,0.8846203289798152,0.16286814799587546,0.45361501771165424,threshold,estimate:monthly; execute:0.05,monthly,0.05,126,20.168926235089874,0.1600708431356339,0.001,6.578714684116158,0.05221202130250919,0.06578714684116158,0.07686876033559323,0.4422984088297623,-0.015718039884573022
10.0,target_return_band_750bp,2011-01-03,2025-12-31,3771,252,100.0,290.65236281637095,1.9065236281637095,0.07390364753129108,0.06798595937346537,0.8882269545138822,0.1629388864458965,0.4535666662717167,threshold,estimate:monthly; execute:0.075,monthly,0.075,97,18.95524979433279,0.19541494633332773,0.001,6.222439950297725,0.06414886546698685,0.06222439950297724,0.0770971800620161,0.4389739837402182,-0.015615094248514459
10.0,maximum_sharpe_monthly,2011-01-03,2025-12-31,3771,252,100.0,251.1705894776838,1.511705894776838,0.06347729998792628,0.06280284898845939,0.8008903875723861,0.17209367371062112,0.3688531868676626,walk_forward,monthly,monthly,,179,14.234165981589069,0.07952048034407301,0.001,3.9500391440631177,0.022067257788062112,0.03950039144063118,0.07806269052365125,0.4007623899971525,-0.14472841183182839
10.0,maximum_sharpe_quarterly,2011-01-03,2025-12-31,3771,252,100.0,262.42577818066,1.6242577818066,0.06659718697331951,0.06350066047034157,0.8389336775990873,0.16781375989753466,0.3968517659933432,walk_forward,quarterly,quarterly,,59,8.321205965871336,0.14103738925205653,0.001,2.3439750399501307,0.03972839050762934,0.023439750399501306,0.07656039527671381,0.4155551315531031,-0.10871794611804528
10.0,maximum_sharpe_band_250bp,2011-01-03,2025-12-31,3771,252,100.0,253.1171191160659,1.531171191160659,0.0640260809699158,0.06312210946824211,0.8053357917828977,0.1719396787720725,0.37237525059465976,threshold,estimate:monthly; execute:0.025,monthly,0.025,148,14.161244517550944,0.09568408457804692,0.001,3.938262468216477,0.026609881542003222,0.039382624682164774,0.07752569282834461,0.4064755828025733,-0.13881712360513532
10.0,maximum_sharpe_band_500bp,2011-01-03,2025-12-31,3771,252,100.0,256.29275459295906,1.5629275459295906,0.06491298397602208,0.0630625603491152,0.819258343854688,0.17063022957143326,0.38043073691609064,threshold,estimate:monthly; execute:0.05,monthly,0.05,101,12.733056532292743,0.1260698666563638,0.001,3.5417350819728983,0.03506668397992969,0.035417350819728986,0.07814948118078707,0.4016455865353401,-0.12709214674187175
10.0,maximum_sharpe_band_750bp,2011-01-03,2025-12-31,3771,252,100.0,259.1848679546511,1.5918486795465112,0.0657118262146068,0.06362732475658907,0.8243309172358616,0.16631821624938525,0.3950969875487087,threshold,estimate:monthly; execute:0.075,monthly,0.075,75,11.350214813806781,0.15133619751742375,0.001,3.1648807099044904,0.04219840946539321,0.031648807099044905,0.07647305376331638,0.41691558348822977,-0.1195940584849556
15.0,equal_weight_monthly,2011-01-03,2025-12-31,3771,252,100.0,234.6325331058766,1.346325331058766,0.05864775461484828,0.08350116490946308,0.56575878414872,0.19566977121091533,0.29972823217353795,walk_forward,monthly,monthly,,179,1.942992533598237,0.010854706891610262,0.0015,0.844434219534617,0.004717509606338642,0.00844434219534617,0.04011724870965926,0.7475875363772194,-0.3557183148763547
15.0,equal_weight_quarterly,2011-01-03,2025-12-31,3771,252,100.0,237.0018335501051,1.370018335501051,0.05935878741471079,0.0830899407886393,0.576231175407932,0.1968546865416162,0.3015360642793841,walk_forward,quarterly,quarterly,,59,1.1493101795737124,0.01947983355209682,0.0015,0.5024065011419625,0.008515364426134958,0.005024065011419625,0.04087152398528845,0.7416047689197406,-0.33358636688145454
15.0,equal_weight_band_250bp,2011-01-03,2025-12-31,3771,252,100.0,241.40230511354576,1.4140230511354575,0.06066195600380042,0.0853483051144405,0.5776423646663056,0.19457303872141618,0.3117695874126445,threshold,estimate:monthly; execute:0.025,monthly,0.025,14,0.7153037260906282,0.05109312329218773,0.0015,0.3284711645005146,0.023462226035751044,0.003284711645005146,0.03895798489552867,0.7662179501167182,-0.3135030171910097
15.0,equal_weight_band_500bp,2011-01-03,2025-12-31,3771,252,100.0,235.37126026531968,1.353712602653197,0.05887016453884453,0.08481258954130641,0.5608527754348906,0.20343431512578858,0.28938168323492336,threshold,estimate:monthly; execute:0.05,monthly,0.05,4,0.30817668590293595,0.07704417147573399,0.0015,0.1656614467300883,0.04141536168252208,0.0016566144673008831,0.03882087122802186,0.7625019426653425,-0.3592924562561187
15.0,equal_weight_band_750bp,2011-01-03,2025-12-31,3771,252,100.0,240.1952146355901,1.4019521463559013,0.06030670546295136,0.08387132339885013,0.5823008755708056,0.20331538072734345,0.296616543456817,threshold,estimate:monthly; execute:0.075,monthly,0.075,2,0.2448547682231654,0.1224273841115827,0.0015,0.126868549608529,0.0634342748042645,0.0012686854960852901,0.04033872866955703,0.7496250457017545,-0.31416590218845875
15.0,minimum_variance_monthly,2011-01-03,2025-12-31,3771,252,100.0,158.94987460815452,0.5894987460815451,0.031452821699415434,0.03368702083561061,0.5438141476726966,0.11911364182278616,0.26405725841386024,walk_forward,monthly,monthly,,179,2.38511414559599,0.013324660031262514,0.0015,0.9171533177626041,0.005123761551746392,0.009171533177626041,0.0929147734090438,0.15383594153084612,-0.4652104680720532
15.0,minimum_variance_quarterly,2011-01-03,2025-12-31,3771,252,100.0,160.0320770110684,0.6003207701106839,0.031920627807700885,0.03377931671297317,0.5558771032768025,0.1197485157000232,0.26656387030018697,walk_forward,quarterly,quarterly,,59,1.5962499136094443,0.027055083281516006,0.0015,0.6189481577318552,0.010490646741217885,0.006189481577318552,0.09308271939000333,0.1526813134213371,-0.45946586918634225
15.0,minimum_variance_band_250bp,2011-01-03,2025-12-31,3771,252,100.0,160.3525399594926,0.6035253995949259,0.03205858858762056,0.03378781271413037,0.5596576420106115,0.11757048317712593,0.27267548555807725,threshold,estimate:monthly; execute:0.025,monthly,0.025,31,1.4852837942995378,0.04791238046127541,0.0015,0.5753841549918441,0.018560779193285293,0.0057538415499184415,0.0925611184167265,0.15717810566077625,-0.46060736174150374
15.0,minimum_variance_band_500bp,2011-01-03,2025-12-31,3771,252,100.0,159.05285992243697,0.5905285992243696,0.03149746715206159,0.033967030639577706,0.540782874414254,0.11846708836569231,0.26587525351203917,threshold,estimate:monthly; execute:0.05,monthly,0.05,12,1.0118696461032581,0.08432247050860485,0.0015,0.396846805084418,0.033070567090368166,0.00396846805084418,0.09210029772160559,0.16166717108734718,-0.4687509258724396
15.0,minimum_variance_band_750bp,2011-01-03,2025-12-31,3771,252,100.0,160.99043782575626,0.6099043782575626,0.032332442453132604,0.03399884631145061,0.5641040878654634,0.11596790446048133,0.27880509356061195,threshold,estimate:monthly; execute:0.075,monthly,0.075,8,0.9173209264972558,0.11466511581215698,0.0015,0.353693526459555,0.04421169080744437,0.00353693526459555,0.09194406694199869,0.16309441103311845,-0.4607334758334973
15.0,mean_variance_monthly,2011-01-03,2025-12-31,3771,252,100.0,265.7400672725046,1.6574006727250459,0.06749210311922504,0.10401657171078416,0.5526537719948252,0.2303492964961612,0.2929989548301043,walk_forward,monthly,monthly,,179,21.31615967360445,0.11908469091399133,0.0015,9.165775238966528,0.05120544826238284,0.09165775238966528,0.06895709803501947,0.7799640395185167,-0.05829793847688902
15.0,mean_variance_quarterly,2011-01-03,2025-12-31,3771,252,100.0,251.0278575072332,1.510278575072332,0.06343690384616596,0.10809758340591477,0.5006531636749947,0.27083503189920155,0.23422709906219108,walk_forward,quarterly,quarterly,,59,12.21188982424945,0.2069811834618551,0.0015,5.117983309218251,0.08674547981725848,0.051179833092182506,0.06965068812139753,0.8154884910154595,-0.10599208857471425
15.0,mean_variance_band_250bp,2011-01-03,2025-12-31,3771,252,100.0,267.35736209556484,1.6735736209556484,0.06792502612487028,0.10453290842624537,0.5543236523648377,0.23174124220549297,0.29310719783161776,threshold,estimate:monthly; execute:0.025,monthly,0.025,146,21.3668571278629,0.14634833649221166,0.0015,9.194263654200853,0.0629744085904168,0.09194263654200853,0.06820732042498039,0.7896829959498782,-0.05219630126837011
15.0,mean_variance_band_500bp,2011-01-03,2025-12-31,3771,252,100.0,268.66439252819566,1.6866439252819565,0.06827311462984764,0.10442452348492476,0.5579050758983785,0.23125370440617277,0.2952303609802207,threshold,estimate:monthly; execute:0.05,monthly,0.05,116,20.54526854000269,0.17711438396554044,0.0015,8.852063550745378,0.07631089267883946,0.08852063550745377,0.06936835841822538,0.7812634178385262,-0.04679781202426453
15.0,mean_variance_band_750bp,2011-01-03,2025-12-31,3771,252,100.0,269.066013347831,1.69066013347831,0.06837975697412824,0.10396437350473163,0.5608566178449388,0.2312537044061741,0.2956915096764288,threshold,estimate:monthly; execute:0.075,monthly,0.075,93,18.976944519850676,0.2040531668801148,0.0015,8.348131305542207,0.08976485274776566,0.08348131305542207,0.06894836051886288,0.7795184840041988,-0.046324613846963514
15.0,target_return_monthly,2011-01-03,2025-12-31,3771,252,100.0,279.10770331875756,1.7910770331875754,0.07099895688405167,0.06789985536105675,0.8493414380400164,0.16741494985255156,0.4240897061259047,walk_forward,monthly,monthly,,179,21.54424152639514,0.1203588912089114,0.0015,10.33131849452198,0.057716863097888156,0.10331318494521981,0.07690180887187642,0.4398234647648132,-0.050185623117148546
15.0,target_return_quarterly,2011-01-03,2025-12-31,3771,252,100.0,268.457949065446,1.6845794906544596,0.06821823981256125,0.0676842252257681,0.8134258814436364,0.1584384242192678,0.4305662603545712,walk_forward,quarterly,quarterly,,59,12.456089882634783,0.21112016750228446,0.0015,5.790882989067059,0.09815055913672982,0.057908829890670595,0.07610600875221851,0.4440950421544209,-0.08506658673722944
15.0,target_return_band_250bp,2011-01-03,2025-12-31,3771,252,100.0,280.8290138285389,1.8082901382853889,0.07143907973162866,0.06824708095287031,0.8513794330040588,0.16741494985255212,0.4267186400888775,threshold,estimate:monthly; execute:0.025,monthly,0.025,164,21.433400885291057,0.13069146881275034,0.0015,10.292664211393483,0.06276014763044807,0.10292664211393482,0.07647891679872271,0.44500032622498087,-0.04478190164802646
15.0,target_return_band_500bp,2011-01-03,2025-12-31,3771,252,100.0,284.7495386913806,1.8474953869138062,0.07243219788320765,0.06824449800193255,0.8649926578418632,0.16396131900356836,0.4417639375152336,threshold,estimate:monthly; execute:0.05,monthly,0.05,126,20.168926235089874,0.1600708431356339,0.0015,9.75761064405136,0.07744135431786793,0.0975761064405136,0.07687277164100027,0.44219573699271564,-0.032502278450606326
15.0,target_return_band_750bp,2011-01-03,2025-12-31,3771,252,100.0,285.19145965842154,1.8519145965842152,0.07254334063550627,0.06797299283076323,0.8697284373020667,0.16401367481891094,0.44230056253298433,threshold,estimate:monthly; execute:0.075,monthly,0.075,97,18.95524979433279,0.19541494633332773,0.0015,9.23568478159109,0.09521324517104215,0.0923568478159109,0.07710441313888171,0.43884176058129415,-0.03129725746748552
15.0,maximum_sharpe_monthly,2011-01-03,2025-12-31,3771,252,100.0,247.61943850547016,1.4761943850547015,0.06246582690596836,0.06279697102850207,0.7858072777743723,0.17310342226303743,0.3608584168315811,walk_forward,monthly,monthly,,179,14.234165981589065,0.07952048034407298,0.0015,5.880234214722545,0.03285047047331031,0.058802342147225455,0.0780615467378772,0.400737613800621,-0.15616658510802442
15.0,maximum_sharpe_quarterly,2011-01-03,2025-12-31,3771,252,100.0,260.24997817190257,1.6024997817190259,0.0660039301308164,0.06350072671651358,0.8301735167843022,0.16843026871441025,0.39187689145549265,walk_forward,quarterly,quarterly,,59,8.321205965871336,0.14103738925205653,0.0015,3.5004927101272485,0.059330384917410994,0.03500492710127248,0.07656699160101157,0.4155097934028202,-0.11520054094424431
15.0,maximum_sharpe_band_250bp,2011-01-03,2025-12-31,3771,252,100.0,249.55662580332603,1.4955662580332603,0.06301926068033059,0.06311888011203465,0.7903758574667761,0.17294614108455209,0.3643866251373654,threshold,estimate:monthly; execute:0.025,monthly,0.025,148,14.161244517550944,0.09568408457804692,0.0015,5.862930700567054,0.03961439662545307,0.05862930700567054,0.07752301176859815,0.40647695427701225,-0.15027245220963217
15.0,maximum_sharpe_band_500bp,2011-01-03,2025-12-31,3771,252,100.0,253.04873446219517,1.5304873446219518,0.06400686828023261,0.06305855892306225,0.8058065531372389,0.1716435123196488,0.3729058408047122,threshold,estimate:monthly; execute:0.05,monthly,0.05,101,12.733056532292741,0.12606986665636377,0.0015,5.276792868417199,0.052245473944724743,0.05276792868417199,0.07814662964569043,0.40164391672212296,-0.13723505850191028
15.0,maximum_sharpe_band_750bp,2011-01-03,2025-12-31,3771,252,100.0,256.2583721041948,1.562583721041948,0.06490343655010222,0.06362498893262036,0.8124329403090711,0.1672311893073386,0.38810605138268944,threshold,estimate:monthly; execute:0.075,monthly,0.075,75,11.350214813806781,0.15133619751742375,0.0015,4.718984965270376,0.06291979953693835,0.047189849652703765,0.0764696336031553,0.4169268994817413,-0.12874990242795512
20.0,equal_weight_monthly,2011-01-03,2025-12-31,3771,252,100.0,234.1770629712205,1.341770629712205,0.05851029952117481,0.0835013169696461,0.5642034067115991,0.19578541891217227,0.2988491167844427,walk_forward,monthly,monthly,,179,1.9429925335982368,0.010854706891610262,0.002,1.1246916427115292,0.006283193534701281,0.011246916427115292,0.04011690502524924,0.747587249798309,-0.35747713375686546
20.0,equal_weight_quarterly,2011-01-03,2025-12-31,3771,252,100.0,236.7295738402334,1.3672957384023339,0.059277419788745345,0.08308999623807481,0.5753067477881987,0.19691325848173513,0.3010331566588934,walk_forward,quarterly,quarterly,,59,1.1493101795737126,0.019479833552096825,0.002,0.6694503647799448,0.011346616352202453,0.006694503647799448,0.04087128102244748,0.7416034452629875,-0.3340139772896863
20.0,equal_weight_band_250bp,2011-01-03,2025-12-31,3771,252,100.0,241.22965854393718,1.4122965854393716,0.06061124730047407,0.08534745389899222,0.577087403781861,0.1946450527886595,0.3113937211971381,threshold,estimate:monthly; execute:0.025,monthly,0.025,14,0.7153037260906282,0.05109312329218773,0.002,0.4377937535743445,0.03127098239816747,0.004377937535743445,0.038955757071345194,0.7662163181364917,-0.31322486852146636
20.0,equal_weight_band_500bp,2011-01-03,2025-12-31,3771,252,100.0,235.29871519047734,1.3529871519047734,0.05884835212726647,0.08481301928498913,0.5606075629732612,0.20343431512578858,0.28927446232892934,threshold,estimate:monthly; execute:0.05,monthly,0.05,4,0.308176685902936,0.077044171475734,0.002,0.22085212285979722,0.055213030714949304,0.0022085212285979723,0.03882141503149631,0.7625004622132591,-0.35828648025177484
20.0,equal_weight_band_750bp,2011-01-03,2025-12-31,3771,252,100.0,240.1363836701614,1.4013638367016141,0.06028934877811998,0.08387190124202003,0.5821024629320362,0.2033153807273428,0.2965311751744515,threshold,estimate:monthly; execute:0.075,monthly,0.075,2,0.24485476822316538,0.12242738411158269,0.002,0.16914573280911915,0.08457286640455958,0.0016914573280911915,0.04034105345537465,0.7496181071926012,-0.3130793842651765
20.0,minimum_variance_monthly,2011-01-03,2025-12-31,3771,252,100.0,158.5711645661832,0.5857116456618321,0.03128841357392842,0.033686250263531774,0.5390909511961964,0.11922856819075689,0.26242379698688717,walk_forward,monthly,monthly,,179,2.38511414559599,0.013324660031262514,0.002,1.2213504401777437,0.00682318681663544,0.012213504401777438,0.09291287738255283,0.15385362993892662,-0.4662965238114193
20.0,minimum_variance_quarterly,2011-01-03,2025-12-31,3771,252,100.0,159.77678213677058,0.5977678213677058,0.03181053756526864,0.03377761865214947,0.5527435406748783,0.11983116517800052,0.26546130564629317,walk_forward,quarterly,quarterly,,59,1.5962499136094441,0.027055083281516002,0.002,0.8245893520104466,0.013976090712041467,0.008245893520104465,0.0930822013714345,0.15268430194491803,-0.4599769536486693
20.0,minimum_variance_band_250bp,2011-01-03,2025-12-31,3771,252,100.0,160.11448763532277,0.6011448763532277,0.031956130569309904,0.033788334772663985,0.5567082443321343,0.11761344874464064,0.27170473198768497,threshold,estimate:monthly; execute:0.025,monthly,0.025,31,1.4852837942995378,0.04791238046127541,0.002,0.7666022785811585,0.024729105760682532,0.007666022785811585,0.0925571916751573,0.15721707487034828,-0.4610574343633962
20.0,minimum_variance_band_500bp,2011-01-03,2025-12-31,3771,252,100.0,158.89194613426082,0.5889194613426083,0.031427697100637086,0.03396585457498971,0.5388070237024746,0.11853215948546347,0.26514067774569916,threshold,estimate:monthly; execute:0.05,monthly,0.05,12,1.0118696461032584,0.08432247050860486,0.002,0.5288696350252835,0.04407246958544029,0.005288696350252835,0.0920987518048296,0.1616803617843112,-0.4688485256459777
20.0,minimum_variance_band_750bp,2011-01-03,2025-12-31,3771,252,100.0,160.84276295424576,0.6084276295424575,0.03226913482383642,0.03399767785398737,0.5623166709794539,0.11596790446048266,0.2782591870911359,threshold,estimate:monthly; execute:0.075,monthly,0.075,8,0.9173209264972559,0.11466511581215699,0.002,0.47139048852466775,0.05892381106558347,0.004713904885246678,0.0919422116207457,0.1631102106481507,-0.4607639606366318
20.0,mean_variance_monthly,2011-01-03,2025-12-31,3771,252,100.0,260.13112238139445,1.6013112238139446,0.06597138957112958,0.10400701477127858,0.5389933626713811,0.23551980287188812,0.2801097350060834,walk_forward,monthly,monthly,,179,21.316159673604453,0.11908469091399136,0.002,12.083431479551173,0.06750520379637527,0.12083431479551172,0.06895669994465434,0.7798717058715213,-0.07812914152575691
20.0,mean_variance_quarterly,2011-01-03,2025-12-31,3771,252,100.0,247.97711277840648,1.4797711277840646,0.06256831405748864,0.10810908575283693,0.4930577424605738,0.27372178569894956,0.22858361053622467,walk_forward,quarterly,quarterly,,59,12.21188982424945,0.2069811834618551,0.002,6.780860489577598,0.11492983880639997,0.06780860489577598,0.06967119356389445,0.8154679301070723,-0.11682048445729043
20.0,mean_variance_band_250bp,2011-01-03,2025-12-31,3771,252,100.0,261.7009758818766,1.617009758818766,0.06640007281734683,0.10452647728815788,0.540685335161418,0.23694655960835498,0.2802322723195408,threshold,estimate:monthly; execute:0.025,monthly,0.025,146,21.366857127862904,0.14634833649221168,0.002,12.120672690752698,0.08301830610104588,0.12120672690752698,0.06820636570110727,0.7896237436821876,-0.07229106841800392
20.0,mean_variance_band_500bp,2011-01-03,2025-12-31,3771,252,100.0,263.19646632200795,1.6319646632200797,0.06680622353018606,0.10441366263506692,0.5447969939301838,0.23638978153178336,0.2826104542137485,threshold,estimate:monthly; execute:0.05,monthly,0.05,116,20.54526854000269,0.17711438396554044,0.002,11.67496519569409,0.10064625168701802,0.11674965195694091,0.06936475869762262,0.7811786596875041,-0.06577385834471178
20.0,mean_variance_band_750bp,2011-01-03,2025-12-31,3771,252,100.0,264.0037886452369,1.6400378864523693,0.06702458483322005,0.10395473730670134,0.5486937870946106,0.23638978153178725,0.28353418831772675,threshold,estimate:monthly; execute:0.075,monthly,0.075,93,18.976944519850683,0.20405316688011488,0.002,11.01949531455458,0.11848919693069442,0.11019495314554581,0.0689469061206108,0.7794321646341257,-0.06389134690450587
20.0,target_return_monthly,2011-01-03,2025-12-31,3771,252,100.0,273.1543749477036,1.7315437494770363,0.0694569665164606,0.06789173861353645,0.8282055290627458,0.16853762940574435,0.41211548282340604,walk_forward,monthly,monthly,,179,21.54424152639514,0.1203588912089114,0.002,13.610706274674232,0.07603746522164376,0.13610706274674234,0.07691010883163137,0.43971431078677575,-0.06815300638165551
20.0,target_return_quarterly,2011-01-03,2025-12-31,3771,252,100.0,265.13123304879565,1.6513123304879564,0.06732849102967875,0.06769577754398096,0.8009876101700514,0.1593599032956019,0.42249329748141806,walk_forward,quarterly,quarterly,,59,12.456089882634782,0.21112016750228443,0.002,7.668830839974879,0.12998018372838777,0.07668830839974879,0.07611488341160909,0.44410549419096534,-0.09521587480761537
20.0,target_return_band_250bp,2011-01-03,2025-12-31,3771,252,100.0,274.8694383083407,1.7486943830834072,0.06990438127294696,0.06824001710148123,0.8304482759295233,0.16853762940574502,0.414770170432717,threshold,estimate:monthly; execute:0.025,monthly,0.025,164,21.433400885291057,0.13069146881275034,0.002,13.560668765890732,0.08268700467006544,0.13560668765890732,0.07648680353813886,0.4449007309750243,-0.0627517500980192
20.0,target_return_band_500bp,2011-01-03,2025-12-31,3771,252,100.0,279.05941735089544,1.7905941735089543,0.07098657413040099,0.0682371026670297,0.8453029343533816,0.16505330537545482,0.4300827176343083,threshold,estimate:monthly; execute:0.05,monthly,0.05,126,20.168926235089874,0.1600708431356339,0.002,12.864912489252585,0.10210248007343321,0.12864912489252586,0.07688060722472917,0.44209416224075165,-0.04928231389202231
20.0,target_return_band_750bp,2011-01-03,2025-12-31,3771,252,100.0,279.8318214390363,1.7983182143903629,0.07118441484825477,0.06796464059459599,0.8511652579142217,0.16508738006324375,0.4311923468709998,threshold,estimate:monthly; execute:0.075,monthly,0.075,97,18.955249794332783,0.19541494633332765,0.002,12.1853142669222,0.12562179656620825,0.121853142669222,0.0771155566603721,0.4387106836541067,-0.04697409658551864
20.0,maximum_sharpe_monthly,2011-01-03,2025-12-31,3771,252,100.0,244.11799324037509,1.4411799324037506,0.06145517000180423,0.06279322661798503,0.7706949777793297,0.1741121277660218,0.3529631783283351,walk_forward,monthly,monthly,,179,14.234165981589069,0.07952048034407301,0.002,7.781118878859859,0.04346993787072547,0.07781118878859859,0.07806196718999404,0.4007139691257713,-0.16760173504159662
20.0,maximum_sharpe_quarterly,2011-01-03,2025-12-31,3771,252,100.0,258.0917567894353,1.5809175678943528,0.06541087605063933,0.06350265336728934,0.8213892098369369,0.16914635306177472,0.38671171365279344,walk_forward,quarterly,quarterly,,59,8.321205965871338,0.14103738925205656,0.002,4.6468099900950595,0.07875949135754338,0.0464680999009506,0.07657488748612834,0.41546619963935977,-0.1216799538234756
20.0,maximum_sharpe_band_250bp,2011-01-03,2025-12-31,3771,252,100.0,246.04570315255788,1.460457031525579,0.06201324501872629,0.06311780574936886,0.7753877444024387,0.17395156920859933,0.3564971865494425,threshold,estimate:monthly; execute:0.025,monthly,0.025,148,14.161244517550944,0.09568408457804692,0.002,7.758521671079505,0.05242244372351017,0.07758521671079505,0.07752193160203964,0.4064794565947975,-0.16172523335359032
20.0,maximum_sharpe_band_500bp,2011-01-03,2025-12-31,3771,252,100.0,249.8452543232084,1.498452543232084,0.06310137540263083,0.06305672512801865,0.7923257059996648,0.17265575898194563,0.3654750688578494,threshold,estimate:monthly; execute:0.05,monthly,0.05,101,12.733056532292743,0.1260698666563638,0.002,6.988384202833064,0.06919192280032736,0.06988384202833064,0.07814539546721487,0.40164323031191246,-0.14737566024744023
20.0,maximum_sharpe_band_750bp,2011-01-03,2025-12-31,3771,252,100.0,253.36439575140554,1.5336439575140552,0.06409551301613803,0.06362479130324743,0.8005070729242498,0.16814336048314682,0.3811956227826337,threshold,estimate:monthly; execute:0.075,monthly,0.075,75,11.350214813806783,0.15133619751742378,0.002,6.254482894878244,0.08339310526504325,0.06254482894878244,0.07646785553802808,0.4169392089102232,-0.13790360396176757
25.0,equal_weight_monthly,2011-01-03,2025-12-31,3771,252,100.0,233.72247030104288,1.337224703010429,0.05837286024813526,0.08350149105894185,0.5626478860895116,0.19590105160694782,0.2979711429280812,walk_forward,monthly,monthly,,179,1.9429925335982365,0.01085470689161026,0.0025,1.404340806880795,0.007845479368049134,0.01404340806880795,0.040116602446468135,0.7475868996865688,-0.3592356146809831
25.0,equal_weight_quarterly,2011-01-03,2025-12-31,3771,252,100.0,236.45761902640834,1.3645761902640832,0.059196056057660096,0.08309007800324028,0.5743821393442838,0.19697182732081397,0.30053057263486566,walk_forward,quarterly,quarterly,,59,1.1493101795737126,0.019479833552096825,0.0025,0.8362821553142163,0.014174273818885023,0.008362821553142163,0.04087104303379432,0.7416022255903931,-0.3344415520788202
25.0,equal_weight_band_250bp,2011-01-03,2025-12-31,3771,252,100.0,241.05712621106554,1.4105712621106554,0.060560538305711065,0.08534663271918652,0.576532228755821,0.19471706365941688,0.31101813661096794,threshold,estimate:monthly; execute:0.025,monthly,0.025,14,0.7153037260906282,0.05109312329218773,0.0025,0.5470325349219972,0.03907375249442837,0.005470325349219972,0.03895364107228936,0.7662144330802118,-0.31294578965286024
25.0,equal_weight_band_500bp,2011-01-03,2025-12-31,3771,252,100.0,235.22618667030883,1.3522618667030883,0.05882653841889973,0.08481346837246084,0.5603622252646419,0.20343431512578847,0.28916723504845204,threshold,estimate:monthly; execute:0.05,monthly,0.05,4,0.30817668590293595,0.07704417147573399,0.0025,0.27602789991731114,0.06900697497932778,0.0027602789991731116,0.038822047042681,0.7624987310892649,-0.35727972065172586
25.0,equal_weight_band_750bp,2011-01-03,2025-12-31,3771,252,100.0,240.07755990584295,1.4007755990584294,0.06027199025002683,0.08387250286750536,0.5819038880842716,0.2033153807273439,0.2964457978260611,threshold,estimate:monthly; execute:0.075,monthly,0.075,2,0.24485476822316538,0.12242738411158269,0.0025,0.21141674934191623,0.10570837467095812,0.0021141674934191624,0.04034347172624147,0.7496109225390782,-0.31199226860391027
25.0,minimum_variance_monthly,2011-01-03,2025-12-31,3771,252,100.0,158.19334308348664,0.5819334308348665,0.031124025666800836,0.03368564912893793,0.5343648439590577,0.11934348113847337,0.26079368030741334,walk_forward,monthly,monthly,,179,2.385114145595989,0.01332466003126251,0.0025,1.5247902466419445,0.008518381266156115,0.015247902466419445,0.09291102346193648,0.15387159685387683,-0.46738241206611286
25.0,minimum_variance_quarterly,2011-01-03,2025-12-31,3771,252,100.0,159.52188098341196,0.5952188098341196,0.031700453214123625,0.03377608731787849,0.5496069363958253,0.11991380911216898,0.2643603222083505,walk_forward,quarterly,quarterly,,59,1.5962499136094441,0.027055083281516002,0.0025,1.0298939775597937,0.017455830128132097,0.010298939775597937,0.09308171136565553,0.15268768362108295,-0.46048790521644767
25.0,minimum_variance_band_250bp,2011-01-03,2025-12-31,3771,252,100.0,159.87677156361093,0.5987677156361093,0.03185367532600458,0.03378906774576329,0.553755491116863,0.11765641431215446,0.2707347109992111,threshold,estimate:monthly; execute:0.025,monthly,0.025,31,1.4852837942995383,0.047912380461275425,0.0025,0.9575327689495344,0.030888153837081756,0.009575327689495344,0.09255333014949597,0.15725625480788535,-0.46150721998326216
25.0,minimum_variance_band_500bp,2011-01-03,2025-12-31,3771,252,100.0,158.73117960045238,0.5873117960045238,0.03135792502001977,0.033964870829069904,0.5368280022608282,0.1185972306052343,0.26440689095345354,threshold,estimate:monthly; execute:0.05,monthly,0.05,12,1.0118696461032586,0.08432247050860488,0.0025,0.6607629290144087,0.05506357741786739,0.006607629290144087,0.0920972672888011,0.16169374392541028,-0.46894581605223257
25.0,minimum_variance_band_750bp,2011-01-03,2025-12-31,3771,252,100.0,160.69520563859857,0.6069520563859856,0.03220582339129785,0.03399672822674928,0.560525527735141,0.11596790446048166,0.2777132478260191,threshold,estimate:monthly; execute:0.075,monthly,0.075,8,0.9173209264972557,0.11466511581215696,0.0025,0.588987127104954,0.07362339088811926,0.00588987127104954,0.09194043191184126,0.16312616511380815,-0.4607940677100599
25.0,mean_variance_monthly,2011-01-03,2025-12-31,3771,252,100.0,254.639351274052,1.54639351274052,0.06445250337430442,0.10400044657016441,0.5253153147653618,0.2406571053717409,0.26781882577181837,walk_forward,monthly,monthly,,179,21.316159673604453,0.11908469091399136,0.0025,14.934743092279037,0.08343431895127953,0.14934743092279038,0.06896060193587739,0.779780611200366,-0.0979544651559185
25.0,mean_variance_quarterly,2011-01-03,2025-12-31,3771,252,100.0,244.96235157062944,1.4496235157062944,0.061700117371455976,0.10812330149885425,0.4854517261552471,0.2765986103422352,0.2230673440300892,walk_forward,quarterly,quarterly,,59,12.21188982424945,0.2069811834618551,0.0025,8.422604178190046,0.14275600302017027,0.08422604178190046,0.06969554201339742,0.8154495982307843,-0.12763547004685435
25.0,mean_variance_band_250bp,2011-01-03,2025-12-31,3771,252,100.0,256.1630285570865,1.5616302855708648,0.06487695503167612,0.10452304503642422,0.5270301849001939,0.2421181382675074,0.2679557818175356,threshold,estimate:monthly; execute:0.025,monthly,0.025,146,21.3668571278629,0.14634833649221166,0.0025,14.980384349267695,0.10260537225525818,0.14980384349267695,0.0682097989023396,0.7895657088154943,-0.09238045492988152
25.0,mean_variance_band_500bp,2011-01-03,2025-12-31,3771,252,100.0,257.8385747124531,1.578385747124531,0.06534100153339484,0.10440583576157707,0.531670703716461,0.24149307693303568,0.27057090978849646,threshold,estimate:monthly; execute:0.05,monthly,0.05,116,20.545268540002695,0.17711438396554047,0.0025,14.436167173186645,0.1244497170102297,0.14436167173186645,0.06936551607581623,0.7810951632231714,-0.08474655073960105
25.0,mean_variance_band_750bp,2011-01-03,2025-12-31,3771,252,100.0,259.03559308177626,1.5903559308177626,0.06567079847457236,0.10394805139831907,0.5365134703540372,0.2414930769330369,0.2719365677417828,threshold,estimate:monthly; execute:0.075,monthly,0.075,93,18.97694451985068,0.20405316688011482,0.0025,13.636946223232663,0.14663383035734046,0.13636946223232663,0.06894971856326824,0.7793469166727873,-0.0814537801531014
25.0,target_return_monthly,2011-01-03,2025-12-31,3771,252,100.0,267.326776842562,1.67326776842562,0.06791686165699562,0.06788812486627253,0.8070112469602504,0.169659035518943,0.40031384977083917,walk_forward,monthly,monthly,,179,21.54424152639514,0.1203588912089114,0.0025,16.81095474760284,0.09391594831063038,0.16810954747602838,0.07692221068504654,0.4396064018304285,-0.08611225574473715
25.0,target_return_quarterly,2011-01-03,2025-12-31,3771,252,100.0,261.84474670447077,1.6184474670447075,0.06643921258945573,0.06771102578598931,0.7885105500596715,0.16028066761582116,0.4145179426673263,walk_forward,quarterly,quarterly,,59,12.456089882634782,0.21112016750228443,0.0025,9.52115352898879,0.1613754835421829,0.0952115352898879,0.07612667884215381,0.44411854566287834,-0.10535875394901714
25.0,target_return_band_250bp,2011-01-03,2025-12-31,3771,252,100.0,269.0350726081552,1.6903507260815518,0.06837154656479161,0.06823743161156515,0.8094598683446963,0.16965903551894268,0.4029938420648267,threshold,estimate:monthly; execute:0.025,monthly,0.025,164,21.433400885291057,0.13069146881275034,0.0025,16.750240159630856,0.10213561072945644,0.16750240159630855,0.07649851446328282,0.4448023592671745,-0.08071385798712218
25.0,target_return_band_500bp,2011-01-03,2025-12-31,3771,252,100.0,273.4817232738577,1.734817232738577,0.06954256509765777,0.06823418646383335,0.8255549984358844,0.1661441081763787,0.4185677473668301,threshold,estimate:monthly; execute:0.05,monthly,0.05,126,20.168926235089874,0.1600708431356339,0.0025,15.902116658773528,0.12620727506963117,0.15902116658773527,0.07689226591765888,0.4419936846373902,-0.06605564480581279
25.0,target_return_band_750bp,2011-01-03,2025-12-31,3771,252,100.0,274.57159498472765,1.7457159498472765,0.06982686907365654,0.06796090436622611,0.8325411541342675,0.16616000300272393,0.4202387326179324,threshold,estimate:monthly; execute:0.075,monthly,0.075,97,18.95524979433279,0.19541494633332773,0.0025,15.072574392568281,0.15538736487183796,0.1507257439256828,0.0771306089315909,0.4385807530495452,-0.06264323088670788
25.0,maximum_sharpe_monthly,2011-01-03,2025-12-31,3771,252,100.0,240.6655649148841,1.4066556491488411,0.06044532871678099,0.06279161613859412,0.7555550173624108,0.1751197911274487,0.34516560537004115,walk_forward,monthly,monthly,,179,14.234165981589069,0.07952048034407301,0.0025,9.6531150573459,0.05392801708014469,0.096531150573459,0.07806395185472667,0.40069145595838956,-0.17903317433005803
25.0,maximum_sharpe_quarterly,2011-01-03,2025-12-31,3771,252,100.0,255.95097567842683,1.5595097567842684,0.06481802468981157,0.06350644025334679,0.8125815323957483,0.16986200818725683,0.38159224291258714,walk_forward,quarterly,quarterly,,59,8.321205965871336,0.14103738925205653,0.0025,5.783010679752113,0.09801713016529005,0.05783010679752113,0.0765840825301067,0.4154243502478248,-0.12815585656368456
25.0,maximum_sharpe_band_250bp,2011-01-03,2025-12-31,3771,252,100.0,242.58366810900026,1.4258366810900025,0.061008033442830234,0.06311888649028685,0.7603729841906751,0.1749559640370959,0.34870508003885314,threshold,estimate:monthly; execute:0.025,monthly,0.025,148,14.161244517550944,0.09568408457804692,0.0025,9.625451557365443,0.0650368348470638,0.09625451557365443,0.07752245239558768,0.40648308971603664,-0.17317475725706385
25.0,maximum_sharpe_band_500bp,2011-01-03,2025-12-31,3771,252,100.0,246.6818140217787,1.4668181402177871,0.062196505003464964,0.0630570591530983,0.7788171872605169,0.17366697043148305,0.35813663846922117,threshold,estimate:monthly; execute:0.05,monthly,0.05,101,12.73305653229274,0.12606986665636374,0.0025,8.676809383007608,0.08590900379215453,0.08676809383007608,0.07814577872199031,0.4016435272728316,-0.15751332208476773
25.0,maximum_sharpe_band_750bp,2011-01-03,2025-12-31,3771,252,100.0,250.50258332277633,1.5050258332277635,0.0632880554177675,0.06362673188839464,0.7885545161910209,0.16905473032276652,0.37436429786339154,threshold,estimate:monthly; execute:0.075,monthly,0.075,75,11.350214813806781,0.15133619751742375,0.0025,7.771584881436767,0.10362113175249023,0.07771584881436767,0.07646771968248312,0.41695251172869285,-0.14705457300712732
