strategy,episode,peak_date,trough_date,recovery_date,depth,duration_days,recovery_days,recovered
equal_weight_monthly,1,2021-12-30,2022-10-14,2024-05-15,0.19555467331126597,867,579,True
equal_weight_monthly,2,2020-02-21,2020-03-19,2020-07-06,0.18321443255367564,136,109,True
equal_weight_monthly,3,2015-04-27,2016-01-20,2016-06-29,0.10190202369272672,429,161,True
equal_weight_monthly,4,2011-07-22,2011-10-03,2012-01-25,0.08856220009954863,187,114,True
equal_weight_monthly,5,2013-05-08,2013-06-24,2014-04-09,0.08812510173154486,336,289,True
equal_weight_quarterly,1,2021-11-09,2022-10-14,2024-07-03,0.19679611150035237,967,628,True
equal_weight_quarterly,2,2020-02-21,2020-03-19,2020-06-08,0.17885407109306517,108,81,True
equal_weight_quarterly,3,2015-04-27,2016-01-20,2016-06-30,0.10293924345732008,430,162,True
equal_weight_quarterly,4,2013-05-08,2013-06-24,2014-04-09,0.0877638735807279,336,289,True
equal_weight_quarterly,5,2018-01-26,2018-12-24,2019-03-21,0.08651540332024876,419,87,True
equal_weight_band_250bp,1,2021-11-09,2022-10-14,2024-05-15,0.19450102145769343,918,579,True
equal_weight_band_250bp,2,2020-02-21,2020-03-19,2020-06-08,0.18824261039829027,108,81,True
equal_weight_band_250bp,3,2015-04-27,2016-01-20,2016-06-08,0.1004972403962966,408,140,True
equal_weight_band_250bp,4,2018-01-26,2018-12-24,2019-04-10,0.09671336669106156,439,107,True
equal_weight_band_250bp,5,2013-05-08,2013-06-24,2014-04-09,0.08837625254383885,336,289,True
equal_weight_band_500bp,1,2021-12-30,2022-10-14,2024-07-03,0.20343431512578825,916,628,True
equal_weight_band_500bp,2,2020-02-21,2020-03-19,2020-07-21,0.19272997975087747,151,124,True
equal_weight_band_500bp,3,2015-04-27,2016-01-20,2016-06-30,0.10314089663670478,430,162,True
equal_weight_band_500bp,4,2018-01-26,2018-12-24,2019-04-05,0.09930550883381195,434,102,True
equal_weight_band_500bp,5,2013-05-08,2013-06-24,2014-03-06,0.08676827378408325,302,255,True
equal_weight_band_750bp,1,2021-12-30,2022-10-14,2024-05-15,0.20331538072734345,867,579,True
equal_weight_band_750bp,2,2020-02-21,2020-03-19,2020-07-21,0.18283129428083256,151,124,True
equal_weight_band_750bp,3,2015-04-27,2016-01-20,2016-06-08,0.0978473200865152,408,140,True
equal_weight_band_750bp,4,2018-01-26,2018-12-24,2019-04-05,0.09111267446047733,434,102,True
equal_weight_band_750bp,5,2013-05-08,2013-06-24,2014-03-06,0.08676827378408325,302,255,True
minimum_variance_monthly,1,2021-11-09,2022-10-20,2024-09-16,0.11899870203317908,1042,697,True
minimum_variance_monthly,2,2020-03-06,2020-03-18,2020-05-27,0.06856353973862861,82,70,True
minimum_variance_monthly,3,2013-05-02,2013-06-24,2014-05-01,0.045531721920677115,364,311,True
minimum_variance_monthly,4,2015-04-24,2015-08-25,2016-03-29,0.028379889184327545,340,217,True
minimum_variance_monthly,5,2024-10-02,2025-01-13,2025-02-26,0.02721916396424351,147,44,True
minimum_variance_quarterly,1,2021-11-09,2022-10-20,2024-09-24,0.11966586067800711,1050,705,True
minimum_variance_quarterly,2,2020-03-06,2020-03-18,2020-04-29,0.0670690521950632,54,42,True
minimum_variance_quarterly,3,2013-05-02,2013-06-24,2014-05-01,0.04519700049893782,364,311,True
minimum_variance_quarterly,4,2015-04-24,2016-01-21,2016-03-29,0.028283141846742077,340,68,True
minimum_variance_quarterly,5,2024-10-02,2025-01-13,2025-02-26,0.027293055540027256,147,44,True
minimum_variance_band_250bp,1,2021-11-09,2022-10-20,2024-09-16,0.11752751760961255,1042,697,True
minimum_variance_band_250bp,2,2020-03-06,2020-03-18,2020-04-29,0.06699214963146849,54,42,True
minimum_variance_band_250bp,3,2013-05-02,2013-06-24,2014-04-30,0.04523346882495072,363,310,True
minimum_variance_band_250bp,4,2015-04-24,2016-01-21,2016-03-29,0.029054467446242516,340,68,True
minimum_variance_band_250bp,5,2024-10-02,2025-01-13,2025-02-28,0.028007695510265163,149,46,True
minimum_variance_band_500bp,1,2021-11-09,2022-10-20,2024-09-27,0.11840201724592236,1053,708,True
minimum_variance_band_500bp,2,2020-03-06,2020-03-18,2020-05-27,0.0689616589238129,82,70,True
minimum_variance_band_500bp,3,2013-05-02,2013-06-24,2014-05-13,0.04839739628104345,376,323,True
minimum_variance_band_500bp,4,2015-04-24,2016-01-21,2016-03-29,0.03005933235259195,340,68,True
minimum_variance_band_500bp,5,2024-10-01,2025-01-13,2025-02-28,0.029087022809969,150,46,True
minimum_variance_band_750bp,1,2021-11-09,2022-10-20,2024-10-01,0.11596790446048166,1057,712,True
minimum_variance_band_750bp,2,2020-03-06,2020-03-18,2020-06-01,0.07137113742530088,87,75,True
minimum_variance_band_750bp,3,2013-05-02,2013-06-24,2014-05-02,0.04789262545794826,365,312,True
minimum_variance_band_750bp,4,2024-10-01,2025-01-13,2025-02-28,0.029087022809968777,150,46,True
minimum_variance_band_750bp,5,2015-04-24,2015-08-25,2016-03-29,0.02670133386198803,340,217,True
mean_variance_monthly,1,2020-02-21,2020-03-20,2020-08-04,0.22632986434809343,165,137,True
mean_variance_monthly,2,2021-11-17,2022-10-14,2024-03-13,0.19133475770935804,847,516,True
mean_variance_monthly,3,2018-01-26,2018-12-24,2020-02-21,0.18400555426703646,756,424,True
mean_variance_monthly,4,2015-03-20,2016-02-11,2016-07-06,0.1379181100655843,474,146,True
mean_variance_monthly,5,2012-09-14,2013-06-24,2014-03-04,0.09763420110716958,536,253,True
mean_variance_quarterly,1,2018-01-26,2020-03-20,2021-09-02,0.2679383198201126,1315,531,True
mean_variance_quarterly,2,2021-11-17,2022-09-27,2023-12-26,0.17341943704075302,769,455,True
mean_variance_quarterly,3,2015-03-23,2016-02-11,2016-07-01,0.1396265958108176,466,141,True
mean_variance_quarterly,4,2012-09-14,2013-08-19,2014-06-05,0.12172961338619892,629,290,True
mean_variance_quarterly,5,2016-07-29,2016-11-03,2017-02-21,0.0712450835783005,207,110,True
mean_variance_band_250bp,1,2020-02-21,2020-03-20,2020-08-04,0.2275811643955209,165,137,True
mean_variance_band_250bp,2,2021-11-17,2022-10-14,2024-03-08,0.19013075532262413,842,511,True
mean_variance_band_250bp,3,2018-01-26,2018-12-24,2020-02-21,0.18519331292951757,756,424,True
mean_variance_band_250bp,4,2015-03-20,2016-02-11,2016-07-06,0.13812237997585564,474,146,True
mean_variance_band_250bp,5,2012-09-14,2013-06-24,2014-02-28,0.09597239839953586,532,249,True
mean_variance_band_500bp,1,2020-02-21,2020-03-20,2020-08-03,0.22632986434809343,164,136,True
mean_variance_band_500bp,2,2021-11-17,2022-10-14,2024-03-20,0.19207313078981603,854,523,True
mean_variance_band_500bp,3,2018-01-26,2018-12-24,2020-02-21,0.1840055542670369,756,424,True
mean_variance_band_500bp,4,2015-03-20,2016-02-11,2016-07-08,0.13996462552177769,476,148,True
mean_variance_band_500bp,5,2012-09-14,2013-06-24,2014-03-04,0.09616504782659951,536,253,True
mean_variance_band_750bp,1,2020-02-21,2020-03-20,2020-08-04,0.22632986434809343,165,137,True
mean_variance_band_750bp,2,2021-11-17,2022-10-14,2024-03-08,0.1897790159209417,842,511,True
mean_variance_band_750bp,3,2018-01-26,2018-12-24,2020-02-21,0.18400555426703624,756,424,True
mean_variance_band_750bp,4,2015-03-20,2016-02-11,2016-06-30,0.13696564883550655,468,140,True
mean_variance_band_750bp,5,2012-09-14,2013-06-24,2014-02-26,0.09498016496231154,530,247,True
target_return_monthly,1,2021-11-09,2022-10-14,2023-04-04,0.16629099563853822,511,172,True
target_return_monthly,2,2020-03-06,2020-03-19,2020-04-14,0.13632753442609136,39,26,True
target_return_monthly,3,2018-01-26,2018-12-24,2019-04-24,0.11190901185544555,453,121,True
target_return_monthly,4,2023-07-31,2023-10-27,2023-11-24,0.08630801967608825,116,28,True
target_return_monthly,5,2015-04-24,2016-02-11,2016-03-11,0.057491431363304035,322,29,True
target_return_quarterly,1,2021-11-09,2022-10-14,2023-06-08,0.15751623003871962,576,237,True
target_return_quarterly,2,2020-02-21,2020-03-19,2020-04-29,0.1391007838299375,68,41,True
target_return_quarterly,3,2018-01-26,2018-12-24,2019-06-18,0.11479292233915517,508,176,True
target_return_quarterly,4,2023-07-31,2023-10-27,2023-11-14,0.0748038586600277,106,18,True
target_return_quarterly,5,2015-04-24,2015-08-25,2016-03-29,0.05397368459282692,340,217,True
target_return_band_250bp,1,2021-11-09,2022-10-14,2023-04-13,0.1662909956385381,520,181,True
target_return_band_250bp,2,2020-03-06,2020-03-19,2020-04-14,0.13766553056022623,39,26,True
target_return_band_250bp,3,2018-01-26,2018-12-24,2019-04-24,0.11337233236509914,453,121,True
target_return_band_250bp,4,2023-07-31,2023-10-27,2023-11-24,0.08630801967608837,116,28,True
target_return_band_250bp,5,2015-04-24,2016-02-11,2016-03-11,0.05749143136330437,322,29,True
target_return_band_500bp,1,2021-11-09,2022-10-14,2023-04-03,0.1628681479958758,510,171,True
target_return_band_500bp,2,2020-03-06,2020-03-19,2020-04-14,0.13632753442609136,39,26,True
target_return_band_500bp,3,2018-01-26,2018-12-24,2019-04-24,0.11190901185544577,453,121,True
target_return_band_500bp,4,2023-07-31,2023-10-27,2023-11-24,0.08630801967608881,116,28,True
target_return_band_500bp,5,2015-04-24,2016-02-11,2016-03-11,0.05667059593212487,322,29,True
target_return_band_750bp,1,2021-11-09,2022-10-14,2023-03-31,0.16293888644589616,507,168,True
target_return_band_750bp,2,2020-03-06,2020-03-19,2020-04-14,0.13632753442609147,39,26,True
target_return_band_750bp,3,2018-01-26,2018-12-24,2019-04-26,0.11323267219820676,455,123,True
target_return_band_750bp,4,2023-07-31,2023-10-27,2023-11-24,0.08668779011992322,116,28,True
target_return_band_750bp,5,2015-04-24,2016-02-11,2016-03-11,0.05489665892638196,322,29,True
maximum_sharpe_monthly,1,2021-11-09,2022-10-14,2024-03-01,0.172093673710621,843,504,True
maximum_sharpe_monthly,2,2020-02-21,2020-03-19,2020-07-08,0.12593104658500265,138,111,True
maximum_sharpe_monthly,3,2018-01-26,2018-12-24,2019-03-21,0.07979911713304488,419,87,True
maximum_sharpe_monthly,4,2013-05-02,2013-06-24,2014-02-14,0.059910605424670416,288,235,True
maximum_sharpe_monthly,5,2015-04-24,2015-08-25,2016-06-07,0.05361692984616229,410,287,True
maximum_sharpe_quarterly,1,2021-11-09,2022-09-27,2023-12-14,0.16781375989753544,765,443,True
maximum_sharpe_quarterly,2,2020-02-21,2020-03-19,2020-07-29,0.14613212287783894,159,132,True
maximum_sharpe_quarterly,3,2018-08-27,2018-12-24,2019-02-15,0.07260965940494923,172,53,True
maximum_sharpe_quarterly,4,2013-05-02,2013-06-24,2014-02-25,0.059383662082163835,299,246,True
maximum_sharpe_quarterly,5,2015-04-24,2015-08-25,2016-06-07,0.05805759811401645,410,287,True
maximum_sharpe_band_250bp,1,2021-11-09,2022-10-14,2024-03-01,0.17193967877207184,843,504,True
maximum_sharpe_band_250bp,2,2020-02-21,2020-03-19,2020-07-14,0.12763863681810517,144,117,True
maximum_sharpe_band_250bp,3,2018-01-26,2018-12-24,2019-03-21,0.08126284063381584,419,87,True
maximum_sharpe_band_250bp,4,2013-05-02,2013-06-24,2014-02-13,0.059910605424670305,287,234,True
maximum_sharpe_band_250bp,5,2015-04-24,2015-08-25,2016-06-03,0.05366551802287178,406,283,True
maximum_sharpe_band_500bp,1,2021-11-09,2022-10-14,2024-03-01,0.1706302295714336,843,504,True
maximum_sharpe_band_500bp,2,2020-02-21,2020-03-19,2020-07-14,0.12593104658500298,144,117,True
maximum_sharpe_band_500bp,3,2018-01-26,2018-12-24,2019-03-21,0.07963500998343531,419,87,True
maximum_sharpe_band_500bp,4,2013-05-02,2013-06-24,2014-02-25,0.06244957031167242,299,246,True
maximum_sharpe_band_500bp,5,2015-04-24,2015-08-25,2016-06-07,0.053484786525417105,410,287,True
maximum_sharpe_band_750bp,1,2021-11-09,2022-10-14,2024-02-22,0.1663182162493836,835,496,True
maximum_sharpe_band_750bp,2,2020-02-21,2020-03-19,2020-07-22,0.1396935113238842,152,125,True
maximum_sharpe_band_750bp,3,2018-01-26,2018-12-24,2019-03-21,0.0822811567199635,419,87,True
maximum_sharpe_band_750bp,4,2013-05-02,2013-06-24,2014-03-03,0.06646118602153062,305,252,True
maximum_sharpe_band_750bp,5,2015-04-24,2015-08-25,2016-06-07,0.05440458977766538,410,287,True
benchmark_60_40,1,2021-11-08,2022-10-14,2024-03-20,0.2233361017759007,863,523,True
benchmark_60_40,2,2020-02-19,2020-03-23,2020-06-08,0.2100504821153777,110,77,True
benchmark_60_40,3,2011-04-29,2011-10-03,2012-02-24,0.12367601445646759,301,144,True
benchmark_60_40,4,2018-01-26,2018-12-24,2019-04-23,0.11889190922201764,452,120,True
benchmark_60_40,5,2015-04-24,2016-02-11,2016-07-29,0.11408245798605532,462,169,True
