strategy,peak_date,trough_date,recovery_date,depth,duration_days,recovery_days,recovered
equal_weight_monthly,2021-12-30,2022-10-14,2024-05-15,0.19555467331126597,867,579,True
equal_weight_quarterly,2021-11-09,2022-10-14,2024-07-03,0.19679611150035237,967,628,True
equal_weight_band_250bp,2021-11-09,2022-10-14,2024-05-15,0.19450102145769343,918,579,True
equal_weight_band_500bp,2021-12-30,2022-10-14,2024-07-03,0.20343431512578825,916,628,True
equal_weight_band_750bp,2021-12-30,2022-10-14,2024-05-15,0.20331538072734345,867,579,True
minimum_variance_monthly,2021-11-09,2022-10-20,2024-09-16,0.11899870203317908,1042,697,True
minimum_variance_quarterly,2021-11-09,2022-10-20,2024-09-24,0.11966586067800711,1050,705,True
minimum_variance_band_250bp,2021-11-09,2022-10-20,2024-09-16,0.11752751760961255,1042,697,True
minimum_variance_band_500bp,2021-11-09,2022-10-20,2024-09-27,0.11840201724592236,1053,708,True
minimum_variance_band_750bp,2021-11-09,2022-10-20,2024-10-01,0.11596790446048166,1057,712,True
mean_variance_monthly,2020-02-21,2020-03-20,2020-08-04,0.22632986434809343,165,137,True
mean_variance_quarterly,2018-01-26,2020-03-20,2021-09-02,0.2679383198201126,1315,531,True
mean_variance_band_250bp,2020-02-21,2020-03-20,2020-08-04,0.2275811643955209,165,137,True
mean_variance_band_500bp,2020-02-21,2020-03-20,2020-08-03,0.22632986434809343,164,136,True
mean_variance_band_750bp,2020-02-21,2020-03-20,2020-08-04,0.22632986434809343,165,137,True
target_return_monthly,2021-11-09,2022-10-14,2023-04-04,0.16629099563853822,511,172,True
target_return_quarterly,2021-11-09,2022-10-14,2023-06-08,0.15751623003871962,576,237,True
target_return_band_250bp,2021-11-09,2022-10-14,2023-04-13,0.1662909956385381,520,181,True
target_return_band_500bp,2021-11-09,2022-10-14,2023-04-03,0.1628681479958758,510,171,True
target_return_band_750bp,2021-11-09,2022-10-14,2023-03-31,0.16293888644589616,507,168,True
maximum_sharpe_monthly,2021-11-09,2022-10-14,2024-03-01,0.172093673710621,843,504,True
maximum_sharpe_quarterly,2021-11-09,2022-09-27,2023-12-14,0.16781375989753544,765,443,True
maximum_sharpe_band_250bp,2021-11-09,2022-10-14,2024-03-01,0.17193967877207184,843,504,True
maximum_sharpe_band_500bp,2021-11-09,2022-10-14,2024-03-01,0.1706302295714336,843,504,True
maximum_sharpe_band_750bp,2021-11-09,2022-10-14,2024-02-22,0.1663182162493836,835,496,True
benchmark_60_40,2021-11-08,2022-10-14,2024-03-20,0.2233361017759007,863,523,True
