portfolio,expected_return,volatility,sharpe_ratio
0,0.03113920817248017,0.034247825578938296,0.5230060529254595
1,0.03240857729888512,0.034281279039352755,0.5595237325219475
2,0.03367794642529006,0.03437891216216341,0.5948576334721081
3,0.034947315551695016,0.034564962368230576,0.6283798959520414
4,0.03621668467809995,0.03484832173626474,0.6596959462474254
5,0.0374860538045049,0.035226642018434805,0.6886454206066475
6,0.03875542293090984,0.03569690411856486,0.7151330196859687
7,0.040024792057314795,0.03625723572774545,0.739091202742969
8,0.04129416118371973,0.036898608706984436,0.7606458365799301
9,0.042563530310124685,0.03762360112620832,0.7797271217222556
10,0.04383289943652963,0.038420025294283615,0.7966031023390102
11,0.04510226856293457,0.03928944359290451,0.8112835803439823
12,0.04637163768933951,0.04022516982886428,0.8239679219550792
13,0.047641006815744465,0.04122268936922464,0.8348222604388438
14,0.04891037594214941,0.04227762688837586,0.844015865441121
15,0.05017974506855436,0.04338579581249858,0.8517155507090887
16,0.05144911419495931,0.04454322388637302,0.8580817184966333
17,0.05271848332136425,0.0457461730099669,0.8632655504887831
18,0.05398785244776919,0.046991138961760485,0.8674074570905458
19,0.05525722157417415,0.04827488150290055,0.8706356633208673
20,0.056526590700579075,0.04959438588007332,0.8730666150423356
21,0.05779595982698404,0.0509470091380285,0.8748025151206874
22,0.05906532895338897,0.052336101456760105,0.8758378935828847
23,0.06033469807979394,0.05375547735468689,0.8763257681410328
24,0.06160406720619887,0.05517921866860747,0.8767191757747965
25,0.06287343633260381,0.05660479654388241,0.8770643349800941
26,0.06414280545900876,0.05803207974241111,0.8773667528347877
27,0.06541217458541372,0.05946094141907059,0.8776313533696712
28,0.06668154371181868,0.060891277523404196,0.8778622783224241
29,0.0679509128382236,0.06232298289886254,0.8780633114411202
30,0.06922028196462852,0.06375596594145959,0.8782377153673879
31,0.07048965109103347,0.06519014102926246,0.8783883895905303
32,0.07175902021743842,0.06662543261753273,0.8785178545598749
33,0.07302838934384338,0.06806177063561263,0.8786283502503102
34,0.07429775847024833,0.06951101790195034,0.8785710843888356
35,0.07556712759665327,0.07103592646204128,0.8775804386081322
36,0.07683649672305821,0.07264107511036497,0.8756630946231952
37,0.07810586584946316,0.07431724288147189,0.8729936046978679
38,0.07937523497586813,0.07605653039348396,0.8697194907325827
39,0.08064460410227307,0.07785470623785859,0.8659362967877963
40,0.081913973228678,0.07970883548909533,0.86171858755752
41,0.08318334235508298,0.08164542121259398,0.8568264235880024
42,0.08445271148148789,0.08366971197373799,0.8512677013718398
43,0.08572208060789285,0.08575339842625376,0.8453856505182918
44,0.08699144973429779,0.08788176239554488,0.839355739216231
45,0.08826081886070274,0.09004341711302905,0.8333027907121211
46,0.08953018798710767,0.092295317787032,0.8267244939555164
47,0.09079955711351262,0.09465584302250113,0.8195180196103952
48,0.09206892623991757,0.09711904703030015,0.811803045391907
49,0.09333829536632252,0.09967819843805699,0.803695376988036
50,0.09460766449272746,0.1023260987168188,0.7953032258444868
51,0.0958770336191324,0.10506318601784276,0.7866660878715027
52,0.09714640274553735,0.1079221022182039,0.7775887693579614
53,0.09841577187194228,0.11089133684465288,0.7682149589027158
54,0.09968514099834724,0.11396223024462691,0.7586526932440715
55,0.10095451012475219,0.1171267862039574,0.7489928211368277
56,0.10222387925115713,0.12037761862465549,0.739310946443403
57,0.10349324837756207,0.12370792595778839,0.7296691750632254
58,0.10476261750396702,0.12711146165303713,0.7201178258705033
59,0.10603198663037197,0.16953764808725752,0.5473981713338816
