lookback_periods,strategy,status,error,start_date,end_date,observations,periods_per_year,initial_value,final_value,total_return,annualized_return,annualized_volatility,sharpe_ratio,maximum_drawdown,calmar_ratio,rebalance_trigger,rebalance_trigger_description,rebalance_frequency,rebalance_threshold,number_of_rebalances,total_turnover,average_turnover,transaction_cost_rate,total_transaction_cost,average_transaction_cost,transaction_cost_to_initial_value,tracking_error,beta,information_ratio
252,equal_weight_quarterly,success,,2013-01-04,2025-12-31,3267.0,252.0,100.0,204.91787882087448,1.0491787882087449,0.05689953680610449,0.0813639135831047,0.5326359455583909,0.1967961115003526,0.28912937543485223,walk_forward,quarterly,quarterly,,51.0,0.9385112459785241,0.01840218129369655,0.001,0.2512303628942636,0.004926085546946345,0.002512303628942636,0.040264699213879006,0.7438824466406165,-0.446455809703114
252,minimum_variance_quarterly,success,,2013-01-04,2025-12-31,3267.0,252.0,100.0,142.50998687135683,0.4250998687135683,0.027701179810150967,0.03468370373267178,0.3635630989023886,0.12054565954346308,0.2297982350842191,walk_forward,quarterly,quarterly,,51.0,2.6201115377001405,0.05137473603333609,0.001,0.6124226202576842,0.012008286671719298,0.006124226202576842,0.08562918178016088,0.20096015834823147,-0.5688695325478456
252,mean_variance_quarterly,success,,2013-01-04,2025-12-31,3267.0,252.0,100.0,208.5482670558369,1.0854826705583691,0.05833216522862128,0.12879530314917487,0.3862834713008679,0.37755069662109886,0.15450154310577816,walk_forward,quarterly,quarterly,,51.0,14.288756829477592,0.2801717025387763,0.001,3.876365247239518,0.07600716171057878,0.03876365247239518,0.08082052690831303,0.9906234527725916,-0.14292881754393919
252,target_return_quarterly,success,,2013-01-04,2025-12-31,3267.0,252.0,100.0,161.03899800930446,0.6103899800930446,0.037436740750715236,0.050572832541458786,0.44868529535367135,0.13353255042136414,0.2803566668395308,walk_forward,quarterly,quarterly,,51.0,11.488142762032533,0.22525770121632419,0.001,2.8366976018904295,0.055621521605694696,0.028366976018904297,0.08258028729686329,0.29207162649879637,-0.4674766728202147
252,maximum_sharpe_quarterly,infeasible,risk_free_rate must be lower than the maximum feasible expected portfolio return.,,,,,,,,,,,,,,,,,,,,,,,,,,
504,equal_weight_quarterly,success,,2013-01-04,2025-12-31,3267.0,252.0,100.0,204.91787882087448,1.0491787882087449,0.05689953680610449,0.0813639135831047,0.5326359455583909,0.1967961115003526,0.28912937543485223,walk_forward,quarterly,quarterly,,51.0,0.9385112459785241,0.01840218129369655,0.001,0.2512303628942636,0.004926085546946345,0.002512303628942636,0.040264699213879006,0.7438824466406165,-0.446455809703114
504,minimum_variance_quarterly,success,,2013-01-04,2025-12-31,3267.0,252.0,100.0,140.9623634019719,0.40962363401971924,0.026835964301234805,0.03459658510315023,0.33981506797250793,0.11533038314853117,0.23268772346549327,walk_forward,quarterly,quarterly,,51.0,1.7495980032846974,0.03430584320166073,0.001,0.4111058932866853,0.008060899868366379,0.004111058932866853,0.08701347115729233,0.1890060245516338,-0.5695360852451269
504,mean_variance_quarterly,success,,2013-01-04,2025-12-31,3267.0,252.0,100.0,207.7898763818763,1.0778987638187632,0.058034800372540385,0.1207096132315079,0.40089528850198464,0.28339561602913244,0.20478369138418337,walk_forward,quarterly,quarterly,,51.0,10.226059751490762,0.2005109755194267,0.001,2.7227514849421857,0.05338728401847423,0.027227514849421857,0.06696104877619102,0.9921239767990369,-0.192671644028245
504,target_return_quarterly,success,,2013-01-04,2025-12-31,3267.0,252.0,100.0,200.59946810233868,1.0059946810233868,0.05516457734238189,0.06495971665781147,0.6225182294297549,0.1451621005015138,0.3800205229312359,walk_forward,quarterly,quarterly,,51.0,10.16670564394264,0.19934716948907139,0.001,2.7077523496691045,0.053093183326845185,0.027077523496691045,0.07035403015420287,0.4643885734299583,-0.29603773411802264
504,maximum_sharpe_quarterly,success,,2013-01-04,2025-12-31,3267.0,252.0,100.0,212.98280771096378,1.1298280771096376,0.06005122485512815,0.06924502699363372,0.6554452391201891,0.17229809133556873,0.3485309929415994,walk_forward,quarterly,quarterly,,51.0,8.041701049305502,0.15768041273148042,0.001,1.9784217311619396,0.0387925829639596,0.019784217311619397,0.0683507426136231,0.5060033269511451,-0.23289345127362265
756,equal_weight_quarterly,success,,2013-01-04,2025-12-31,3267.0,252.0,100.0,204.91787882087448,1.0491787882087449,0.05689953680610449,0.0813639135831047,0.5326359455583909,0.1967961115003526,0.28912937543485223,walk_forward,quarterly,quarterly,,51.0,0.9385112459785241,0.01840218129369655,0.001,0.2512303628942636,0.004926085546946345,0.002512303628942636,0.040264699213879006,0.7438824466406165,-0.446455809703114
756,minimum_variance_quarterly,success,,2013-01-04,2025-12-31,3267.0,252.0,100.0,141.10810833544815,0.41108108335448157,0.026917817501200147,0.03450609544474633,0.3429518448952368,0.11966586067800666,0.2249414941628992,walk_forward,quarterly,quarterly,,51.0,1.3064031239702807,0.025615747528829034,0.001,0.3078549683914863,0.006036371929244829,0.003078549683914863,0.08722101035653128,0.18693675997062362,-0.5673023433247404
756,mean_variance_quarterly,success,,2013-01-04,2025-12-31,3267.0,252.0,100.0,213.0052062751128,1.130052062751128,0.06005982355548922,0.11115005000634315,0.44256418863314234,0.26793831982011496,0.2241554085873623,walk_forward,quarterly,quarterly,,51.0,10.53870391565811,0.2066412532481982,0.001,2.561938274313163,0.050234083810062016,0.02561938274313163,0.058260109623779255,0.937143272025074,-0.207738178750596
756,target_return_quarterly,success,,2013-01-04,2025-12-31,3267.0,252.0,100.0,236.55258684068897,1.3655258684068898,0.06866825337298166,0.0713431001748809,0.7517459784505661,0.15751623003871973,0.4359439872075533,walk_forward,quarterly,quarterly,,51.0,11.51214629298692,0.22572835868601804,0.001,3.2035713009944855,0.06281512354891149,0.03203571300994486,0.0645990100641558,0.544728943595141,-0.11882142039535755
756,maximum_sharpe_quarterly,success,,2013-01-04,2025-12-31,3267.0,252.0,100.0,221.96424264827527,1.2196424264827526,0.0634339861839226,0.0654020858116197,0.739065008993611,0.167813759897535,0.3780022938682418,walk_forward,quarterly,quarterly,,51.0,6.758667678887242,0.13252289566445574,0.001,1.685458799339939,0.033048211751763513,0.01685458799339939,0.06490476541846801,0.5031616572593527,-0.20012602282271985
1008,equal_weight_quarterly,success,,2013-01-04,2025-12-31,3267.0,252.0,100.0,204.91787882087448,1.0491787882087449,0.05689953680610449,0.0813639135831047,0.5326359455583909,0.1967961115003526,0.28912937543485223,walk_forward,quarterly,quarterly,,51.0,0.9385112459785241,0.01840218129369655,0.001,0.2512303628942636,0.004926085546946345,0.002512303628942636,0.040264699213879006,0.7438824466406165,-0.446455809703114
1008,minimum_variance_quarterly,success,,2013-01-04,2025-12-31,3267.0,252.0,100.0,140.4070149528226,0.4040701495282262,0.026523352295940272,0.034548031406602835,0.3314143259779224,0.11891581354937963,0.22304310506967592,walk_forward,quarterly,quarterly,,51.0,1.239569894955145,0.02430529205794402,0.001,0.28893451825890926,0.005665382710959005,0.0028893451825890925,0.08735787990923699,0.1859122803231929,-0.5707953689369293
1008,mean_variance_quarterly,success,,2013-01-04,2025-12-31,3267.0,252.0,100.0,258.51773676566944,1.5851773676566943,0.07601279867391741,0.10694291892339136,0.59531583551605,0.23277481870680727,0.3265507802614153,walk_forward,quarterly,quarterly,,51.0,7.367613798279515,0.1444630156525395,0.001,2.0156518305772315,0.03952258491327905,0.020156518305772315,0.055892212191264945,0.9055656236111929,0.04250927599955775
1008,target_return_quarterly,success,,2013-01-04,2025-12-31,3267.0,252.0,100.0,255.21282456186665,1.5521282456186665,0.07494543144831223,0.06944690603944471,0.8546063272203509,0.1585407040073824,0.47272044058049856,walk_forward,quarterly,quarterly,,51.0,7.995644141465571,0.15677733610716807,0.001,2.349379352388208,0.046066261811533483,0.02349379352388208,0.06347732891159881,0.53871319424074,-0.030699499917800483
1008,maximum_sharpe_quarterly,success,,2013-01-04,2025-12-31,3267.0,252.0,100.0,227.63411837818026,1.2763411837818026,0.06550501591271507,0.06232889667272045,0.803551970198718,0.1691556049861307,0.3872470907368746,walk_forward,quarterly,quarterly,,51.0,6.171993296866267,0.1210194764091425,0.001,1.5380690439465863,0.03015821654797228,0.015380690439465862,0.066222756985847,0.47557867040922425,-0.16972151555601342
1260,equal_weight_quarterly,success,,2013-01-04,2025-12-31,3267.0,252.0,100.0,204.91787882087448,1.0491787882087449,0.05689953680610449,0.0813639135831047,0.5326359455583909,0.1967961115003526,0.28912937543485223,walk_forward,quarterly,quarterly,,51.0,0.9385112459785241,0.01840218129369655,0.001,0.2512303628942636,0.004926085546946345,0.002512303628942636,0.040264699213879006,0.7438824466406165,-0.446455809703114
1260,minimum_variance_quarterly,success,,2013-01-04,2025-12-31,3267.0,252.0,100.0,138.90118712720388,0.38901187127203873,0.025669927063979747,0.03466005443953962,0.30644993835724404,0.11839847790986469,0.2168096036126575,walk_forward,quarterly,quarterly,,51.0,1.2262197636458647,0.024043524777369898,0.001,0.2811308951913267,0.005512370493947582,0.002811308951913267,0.08740307316876608,0.18590520036258487,-0.5799726021413664
1260,mean_variance_quarterly,success,,2013-01-04,2025-12-31,3267.0,252.0,100.0,286.16342825433026,1.8616342825433025,0.08447844548748717,0.1080396694685805,0.6628621863362357,0.25443569586872217,0.33202277376628164,walk_forward,quarterly,quarterly,,51.0,7.581559828500808,0.148658035852957,0.001,2.15607129403294,0.042275907726136076,0.0215607129403294,0.05750522996636336,0.9081450436422263,0.1796105398549609
1260,target_return_quarterly,success,,2013-01-04,2025-12-31,3267.0,252.0,100.0,235.5214429108476,1.355214429108476,0.06830820486877665,0.07126078808577756,0.7478855886896243,0.19420681311051213,0.3517291889749836,walk_forward,quarterly,quarterly,,51.0,6.908288620617231,0.1354566396199457,0.001,1.8996619739590672,0.0372482739991974,0.018996619739590673,0.06050527769970751,0.5691426264502226,-0.13242052268620613
1260,maximum_sharpe_quarterly,success,,2013-01-04,2025-12-31,3267.0,252.0,100.0,219.18226145268375,1.1918226145268376,0.062399897460115206,0.06413427663077358,0.7372522286229938,0.1732183989137358,0.3602382763691914,walk_forward,quarterly,quarterly,,51.0,6.240683183735102,0.12236633693598238,0.001,1.4920846204414764,0.029256561185126987,0.014920846204414764,0.06736648242482612,0.4792633530533513,-0.2084923097159827
