regime,strategy,regime_label,start_date,end_date,observations,annualized_return,annualized_volatility,sharpe_ratio,maximum_drawdown
pre_covid,equal_weight_monthly,Pre-COVID Expansion,2011-01-04,2019-12-31,2263,0.05231814253618161,0.07022800024347116,0.6947726880093242,0.10190202369272683
pre_covid,equal_weight_quarterly,Pre-COVID Expansion,2011-01-04,2019-12-31,2263,0.05257258286852573,0.07002668694481369,0.7000343274810048,0.10293924345732097
pre_covid,equal_weight_band_250bp,Pre-COVID Expansion,2011-01-04,2019-12-31,2263,0.052722547003023035,0.07184158828387681,0.6862112967638426,0.10049724039629748
pre_covid,equal_weight_band_500bp,Pre-COVID Expansion,2011-01-04,2019-12-31,2263,0.05173026541700643,0.06918977480201496,0.696161915145024,0.10314089663670378
pre_covid,equal_weight_band_750bp,Pre-COVID Expansion,2011-01-04,2019-12-31,2263,0.05291890203136518,0.06951940935191807,0.7092964785989693,0.09784732008651531
pre_covid,minimum_variance_monthly,Pre-COVID Expansion,2011-01-04,2019-12-31,2263,0.03690161620687715,0.026249119827406475,1.2188603130203948,0.04553172192067623
pre_covid,minimum_variance_quarterly,Pre-COVID Expansion,2011-01-04,2019-12-31,2263,0.03706106349276128,0.026417467574469364,1.2171910930983612,0.04519700049893827
pre_covid,minimum_variance_band_250bp,Pre-COVID Expansion,2011-01-04,2019-12-31,2263,0.03700727768725809,0.026450090588325148,1.2139458166155679,0.04523346882495072
pre_covid,minimum_variance_band_500bp,Pre-COVID Expansion,2011-01-04,2019-12-31,2263,0.03680841471675178,0.026836618866191778,1.1893209471965673,0.04839739628104245
pre_covid,minimum_variance_band_750bp,Pre-COVID Expansion,2011-01-04,2019-12-31,2263,0.03829884161143915,0.02673161878953342,1.2482595949415536,0.04789262545794826
pre_covid,mean_variance_monthly,Pre-COVID Expansion,2011-01-04,2019-12-31,2263,0.05092621754491211,0.0984705006897384,0.5063473965921295,0.18400555426703646
pre_covid,mean_variance_quarterly,Pre-COVID Expansion,2011-01-04,2019-12-31,2263,0.04553585642031144,0.09808786350139123,0.45545861906740515,0.21855405755619006
pre_covid,mean_variance_band_250bp,Pre-COVID Expansion,2011-01-04,2019-12-31,2263,0.05104939098810912,0.09850497483045656,0.507391765105597,0.18519331292951768
pre_covid,mean_variance_band_500bp,Pre-COVID Expansion,2011-01-04,2019-12-31,2263,0.050798411108202046,0.09854135173805623,0.5048110808522807,0.18400555426703735
pre_covid,mean_variance_band_750bp,Pre-COVID Expansion,2011-01-04,2019-12-31,2263,0.05332471396510652,0.09867755901442381,0.5285525464674791,0.18400555426703513
pre_covid,target_return_monthly,Pre-COVID Expansion,2011-01-04,2019-12-31,2263,0.060606789455928345,0.05187810938138009,1.0704987850208918,0.111909011855445
pre_covid,target_return_quarterly,Pre-COVID Expansion,2011-01-04,2019-12-31,2263,0.05317577640174154,0.04949038458661367,0.9774642317702905,0.11479292233915617
pre_covid,target_return_band_250bp,Pre-COVID Expansion,2011-01-04,2019-12-31,2263,0.06075872817314143,0.05195718851505351,1.0716987239677633,0.11337233236509936
pre_covid,target_return_band_500bp,Pre-COVID Expansion,2011-01-04,2019-12-31,2263,0.06043602816873617,0.05198839826683582,1.0652645246890082,0.111909011855445
pre_covid,target_return_band_750bp,Pre-COVID Expansion,2011-01-04,2019-12-31,2263,0.06060658267257524,0.051728214512334066,1.073458343452063,0.11323267219820754
pre_covid,maximum_sharpe_monthly,Pre-COVID Expansion,2011-01-04,2019-12-31,2263,0.05052277852060638,0.04676681633715302,0.977509083036608,0.079799117133045
pre_covid,maximum_sharpe_quarterly,Pre-COVID Expansion,2011-01-04,2019-12-31,2263,0.0534760621386865,0.04535972391312216,1.0680678999207327,0.0726096594049499
pre_covid,maximum_sharpe_band_250bp,Pre-COVID Expansion,2011-01-04,2019-12-31,2263,0.05092539000112262,0.046915298176940894,0.982714322449188,0.08126284063381539
pre_covid,maximum_sharpe_band_500bp,Pre-COVID Expansion,2011-01-04,2019-12-31,2263,0.05095816021110955,0.04674014774108579,0.9868556367949337,0.07963500998343398
pre_covid,maximum_sharpe_band_750bp,Pre-COVID Expansion,2011-01-04,2019-12-31,2263,0.05152359165252407,0.04645620810698275,1.0042192008686488,0.08228115671996383
pre_covid,benchmark_60_40,Pre-COVID Expansion,2011-01-04,2019-12-31,2263,0.06709791336746762,0.08778624609262041,0.7306446029333912,0.12367601445646759
covid_shock_recovery,equal_weight_monthly,COVID Shock and Recovery,2020-01-02,2021-12-31,505,0.0999143914070506,0.11845014314325333,0.8509062235133329,0.1832144325536761
covid_shock_recovery,equal_weight_quarterly,COVID Shock and Recovery,2020-01-02,2021-12-31,505,0.10448527259448404,0.1170082015151049,0.8954047378189923,0.1788540710930655
covid_shock_recovery,equal_weight_band_250bp,COVID Shock and Recovery,2020-01-02,2021-12-31,505,0.10796403644597041,0.12353818682794099,0.8798675736680893,0.18824261039829004
covid_shock_recovery,equal_weight_band_500bp,COVID Shock and Recovery,2020-01-02,2021-12-31,505,0.09728294396491588,0.12363641725255264,0.8009672518637583,0.19272997975087758
covid_shock_recovery,equal_weight_band_750bp,COVID Shock and Recovery,2020-01-02,2021-12-31,505,0.09740487145854648,0.1166395620255515,0.8426510296277611,0.18283129428083278
covid_shock_recovery,minimum_variance_monthly,COVID Shock and Recovery,2020-01-02,2021-12-31,505,0.03833695150291594,0.037888058342906726,0.9706425241231497,0.06856353973862861
covid_shock_recovery,minimum_variance_quarterly,COVID Shock and Recovery,2020-01-02,2021-12-31,505,0.040671877211934326,0.03796471524911888,1.0281709992260728,0.06706905219506343
covid_shock_recovery,minimum_variance_band_250bp,COVID Shock and Recovery,2020-01-02,2021-12-31,505,0.04221214631387604,0.03823571285240742,1.0595830934632153,0.0669921496314686
covid_shock_recovery,minimum_variance_band_500bp,COVID Shock and Recovery,2020-01-02,2021-12-31,505,0.04434817752006137,0.03923203392363066,1.0860864506283459,0.06896165892381267
covid_shock_recovery,minimum_variance_band_750bp,COVID Shock and Recovery,2020-01-02,2021-12-31,505,0.043763414404327516,0.040245215695928344,1.0454965079408904,0.07137113742530132
covid_shock_recovery,mean_variance_monthly,COVID Shock and Recovery,2020-01-02,2021-12-31,505,0.0731333076614713,0.13098055116805957,0.5930298434195529,0.22632986434809343
covid_shock_recovery,mean_variance_quarterly,COVID Shock and Recovery,2020-01-02,2021-12-31,505,0.04891632334674978,0.1519911960905357,0.3809684591476085,0.23949720429418375
covid_shock_recovery,mean_variance_band_250bp,COVID Shock and Recovery,2020-01-02,2021-12-31,505,0.07172533417949434,0.13334427512528457,0.5750562602007587,0.227581164395521
covid_shock_recovery,mean_variance_band_500bp,COVID Shock and Recovery,2020-01-02,2021-12-31,505,0.07404410463926436,0.13209490636626964,0.5955399690326043,0.22632986434809288
covid_shock_recovery,mean_variance_band_750bp,COVID Shock and Recovery,2020-01-02,2021-12-31,505,0.07256446845311881,0.13092287761931004,0.5891854413271232,0.22632986434809377
covid_shock_recovery,target_return_monthly,COVID Shock and Recovery,2020-01-02,2021-12-31,505,0.0642759713685539,0.07810453138357044,0.8170134349564014,0.13632753442609147
covid_shock_recovery,target_return_quarterly,COVID Shock and Recovery,2020-01-02,2021-12-31,505,0.07307662114271651,0.0826220750417906,0.8765901008129237,0.1391007838299375
covid_shock_recovery,target_return_band_250bp,COVID Shock and Recovery,2020-01-02,2021-12-31,505,0.06411104856624017,0.07982638289081986,0.7991463070447362,0.13766553056022623
covid_shock_recovery,target_return_band_500bp,COVID Shock and Recovery,2020-01-02,2021-12-31,505,0.07023375932487341,0.07927912306971116,0.8764850385974803,0.13632753442609125
covid_shock_recovery,target_return_band_750bp,COVID Shock and Recovery,2020-01-02,2021-12-31,505,0.067722000836824,0.07850633117650038,0.854463010798001,0.13632753442609136
covid_shock_recovery,maximum_sharpe_monthly,COVID Shock and Recovery,2020-01-02,2021-12-31,505,0.050799284409381196,0.0718396307041983,0.7043747303758127,0.1259310465850022
covid_shock_recovery,maximum_sharpe_quarterly,COVID Shock and Recovery,2020-01-02,2021-12-31,505,0.043408265954997693,0.07856675905217039,0.5606089339595643,0.14613212287783917
covid_shock_recovery,maximum_sharpe_band_250bp,COVID Shock and Recovery,2020-01-02,2021-12-31,505,0.051133626890158324,0.07361619921190754,0.6934729066988875,0.12763863681810506
covid_shock_recovery,maximum_sharpe_band_500bp,COVID Shock and Recovery,2020-01-02,2021-12-31,505,0.052279900401599466,0.07184757374124899,0.7238656020156622,0.12593104658500265
covid_shock_recovery,maximum_sharpe_band_750bp,COVID Shock and Recovery,2020-01-02,2021-12-31,505,0.046714860819342396,0.07750271887237226,0.6080685251300927,0.13969351132388363
covid_shock_recovery,benchmark_60_40,COVID Shock and Recovery,2020-01-02,2021-12-31,505,0.12558378499164013,0.15141270870018705,0.8477800282983644,0.21005048211537802
inflation_rate_hikes,equal_weight_monthly,Inflation and Rate Hikes,2022-01-03,2023-12-29,501,-0.020117308942278256,0.1011689164768339,-0.46019678531181124,0.19553212328467307
inflation_rate_hikes,equal_weight_quarterly,Inflation and Rate Hikes,2022-01-03,2023-12-29,501,-0.021359003084973516,0.10092139333153871,-0.47415537726068246,0.19652965104416087
inflation_rate_hikes,equal_weight_band_250bp,Inflation and Rate Hikes,2022-01-03,2023-12-29,501,-0.019520968428060836,0.10074012219344455,-0.4565487492508754,0.19440371998392914
inflation_rate_hikes,equal_weight_band_500bp,Inflation and Rate Hikes,2022-01-03,2023-12-29,501,-0.024398577634905494,0.10480487522391767,-0.4824321751113541,0.2033572101432043
inflation_rate_hikes,equal_weight_band_750bp,Inflation and Rate Hikes,2022-01-03,2023-12-29,501,-0.022267843343569127,0.10577683934229175,-0.4563803916097962,0.20327835358825497
inflation_rate_hikes,minimum_variance_monthly,Inflation and Rate Hikes,2022-01-03,2023-12-29,501,-0.023483172874032343,0.054215888232904734,-0.9918123565612461,0.11616351005918046
inflation_rate_hikes,minimum_variance_quarterly,Inflation and Rate Hikes,2022-01-03,2023-12-29,501,-0.024014591540672092,0.05426067485853084,-1.0009033315628701,0.11672477382871382
inflation_rate_hikes,minimum_variance_band_250bp,Inflation and Rate Hikes,2022-01-03,2023-12-29,501,-0.02259422626310037,0.05404277681083321,-0.9780579301924716,0.11457380944939677
inflation_rate_hikes,minimum_variance_band_500bp,Inflation and Rate Hikes,2022-01-03,2023-12-29,501,-0.023502505648997918,0.05350859107703107,-1.0057616426388387,0.11563694947884007
inflation_rate_hikes,minimum_variance_band_750bp,Inflation and Rate Hikes,2022-01-03,2023-12-29,501,-0.023503534306680063,0.05316408310983291,-1.0123728891868893,0.11301500115219365
inflation_rate_hikes,mean_variance_monthly,Inflation and Rate Hikes,2022-01-03,2023-12-29,501,-0.01802579646366076,0.10599155320486657,-0.41430374523706737,0.18521495722975345
inflation_rate_hikes,mean_variance_quarterly,Inflation and Rate Hikes,2022-01-03,2023-12-29,501,0.0035083141654517203,0.10978520427617033,-0.19853179104941407,0.1699916533837802
inflation_rate_hikes,mean_variance_band_250bp,Inflation and Rate Hikes,2022-01-03,2023-12-29,501,-0.017211783736926556,0.1061335316728322,-0.40579707849465935,0.18400184321808621
inflation_rate_hikes,mean_variance_band_500bp,Inflation and Rate Hikes,2022-01-03,2023-12-29,501,-0.020451265059991286,0.10672718158157773,-0.4338877793575547,0.1859589181550887
inflation_rate_hikes,mean_variance_band_750bp,Inflation and Rate Hikes,2022-01-03,2023-12-29,501,-0.016288328338804114,0.10719974877870851,-0.39192038440972765,0.18364744193006755
inflation_rate_hikes,target_return_monthly,Inflation and Rate Hikes,2022-01-03,2023-12-29,501,0.05079985712598467,0.10758753063634861,0.223043875149154,0.16449009996318686
inflation_rate_hikes,target_return_quarterly,Inflation and Rate Hikes,2022-01-03,2023-12-29,501,0.05618417505829809,0.1083781380254356,0.26936103147773427,0.15521106777556448
inflation_rate_hikes,target_return_band_250bp,Inflation and Rate Hikes,2022-01-03,2023-12-29,501,0.05052892306763401,0.10775062343038246,0.22046911500008498,0.16449009996318853
inflation_rate_hikes,target_return_band_500bp,Inflation and Rate Hikes,2022-01-03,2023-12-29,501,0.05287065485205944,0.10762271253113032,0.24128330825069705,0.16078332744257284
inflation_rate_hikes,target_return_band_750bp,Inflation and Rate Hikes,2022-01-03,2023-12-29,501,0.055017842264774686,0.10730575192713611,0.2606793019074154,0.16085424206194376
inflation_rate_hikes,maximum_sharpe_monthly,Inflation and Rate Hikes,2022-01-03,2023-12-29,501,-0.011486673166146488,0.08704524124032986,-0.4491369424451257,0.16918679132889192
inflation_rate_hikes,maximum_sharpe_quarterly,Inflation and Rate Hikes,2022-01-03,2023-12-29,501,0.007398476692388023,0.0877431319670916,-0.2291407092422038,0.1651074206242107
inflation_rate_hikes,maximum_sharpe_band_250bp,Inflation and Rate Hikes,2022-01-03,2023-12-29,501,-0.011237302298565344,0.08695365982149454,-0.446801092592015,0.16917353390923073
inflation_rate_hikes,maximum_sharpe_band_500bp,Inflation and Rate Hikes,2022-01-03,2023-12-29,501,-0.008775147225175806,0.08724179122110351,-0.4165184253865009,0.1679330496931135
inflation_rate_hikes,maximum_sharpe_band_750bp,Inflation and Rate Hikes,2022-01-03,2023-12-29,501,-0.005771909303491918,0.08698605018308751,-0.383182027981414,0.1635332928274459
inflation_rate_hikes,benchmark_60_40,Inflation and Rate Hikes,2022-01-03,2023-12-29,501,-0.015232083902457116,0.1226819158913155,-0.31924989977379153,0.21807285484423256
recent_period,equal_weight_monthly,Recent Period,2024-01-02,2025-12-31,502,0.13166948042220405,0.07630358779994718,1.058743711581862,0.06410258758832377
recent_period,equal_weight_quarterly,Recent Period,2024-01-02,2025-12-31,502,0.13240418008863442,0.07631096218495557,1.0671777005742702,0.06401000886035335
recent_period,equal_weight_band_250bp,Recent Period,2024-01-02,2025-12-31,502,0.13619147222238115,0.07732227463871023,1.0974386851050932,0.0635027616245265
recent_period,equal_weight_band_500bp,Recent Period,2024-01-02,2025-12-31,502,0.14310698952963063,0.07821822539325617,1.163372317859989,0.06272703295718618
recent_period,equal_weight_band_750bp,Recent Period,2024-01-02,2025-12-31,502,0.14627962391859706,0.07876515499051315,1.191099713517317,0.06248409185918091
recent_period,minimum_variance_monthly,Recent Period,2024-01-02,2025-12-31,502,0.05796286623014524,0.0321982723415993,0.3433159953956408,0.027219163964244064
recent_period,minimum_variance_quarterly,Recent Period,2024-01-02,2025-12-31,502,0.0585985714650612,0.032137363569714854,0.3626125227036091,0.027293055540027478
recent_period,minimum_variance_band_250bp,Recent Period,2024-01-02,2025-12-31,502,0.056740441671167874,0.032122837603831465,0.30794776898593235,0.028007695510265163
recent_period,minimum_variance_band_500bp,Recent Period,2024-01-02,2025-12-31,502,0.05190091054592427,0.031796662904384196,0.1664230245367483,0.029087022809969665
recent_period,minimum_variance_band_750bp,Recent Period,2024-01-02,2025-12-31,502,0.052026863723124483,0.03175108724354465,0.1703858991491294,0.029087022809969
recent_period,mean_variance_monthly,Recent Period,2024-01-02,2025-12-31,502,0.25176914624276825,0.0951504132410448,1.9263326580798636,0.0631867374700621
recent_period,mean_variance_quarterly,Recent Period,2024-01-02,2025-12-31,502,0.24096622272120238,0.09536702780405117,1.8317392208574266,0.06147079062362537
recent_period,mean_variance_band_250bp,Recent Period,2024-01-02,2025-12-31,502,0.25557630904381545,0.09574260498337174,1.9466925832241082,0.06250058364489308
recent_period,mean_variance_band_500bp,Recent Period,2024-01-02,2025-12-31,502,0.26090272319189367,0.09576243366089203,1.9906780490186873,0.060390236537905095
recent_period,mean_variance_band_750bp,Recent Period,2024-01-02,2025-12-31,502,0.2437360023071624,0.09250204874512194,1.909227689071502,0.06179027914804991
recent_period,target_return_monthly,Recent Period,2024-01-02,2025-12-31,502,0.16033090407144845,0.06954872920402634,1.516701748566615,0.03342658848250846
recent_period,target_return_quarterly,Recent Period,2024-01-02,2025-12-31,502,0.15364131094175337,0.06920013803682896,1.4405666144747593,0.035301638374162114
recent_period,target_return_band_250bp,Recent Period,2024-01-02,2025-12-31,502,0.16358232992108457,0.06960085354399034,1.5558296246850456,0.03342658848250912
recent_period,target_return_band_500bp,Recent Period,2024-01-02,2025-12-31,502,0.16323637900831667,0.07030613277097253,1.536664176245881,0.03530163837416156
recent_period,target_return_band_750bp,Recent Period,2024-01-02,2025-12-31,502,0.16297452502550258,0.07055910638424871,1.5281238983728112,0.03530163837416256
recent_period,maximum_sharpe_monthly,Recent Period,2024-01-02,2025-12-31,502,0.22361573666519208,0.08335279843735349,1.9142431546011396,0.05295626399453135
recent_period,maximum_sharpe_quarterly,Recent Period,2024-01-02,2025-12-31,502,0.22063874796056981,0.08407858162843566,1.8697155689322744,0.05254618194776428
recent_period,maximum_sharpe_band_250bp,Recent Period,2024-01-02,2025-12-31,502,0.22554598197007825,0.08331827873606197,1.9339719233734654,0.05281716682797144
recent_period,maximum_sharpe_band_500bp,Recent Period,2024-01-02,2025-12-31,502,0.22866255740812158,0.08465606613953991,1.9347724162746276,0.05281716682797144
recent_period,maximum_sharpe_band_750bp,Recent Period,2024-01-02,2025-12-31,502,0.2354676282881072,0.0837515823490763,2.0207581770355603,0.05164790105043027
recent_period,benchmark_60_40,Recent Period,2024-01-02,2025-12-31,502,0.1328534975020419,0.09257003784066684,0.8979600288832792,0.09802837383819352
