strategy,annualized_return,annualized_volatility,sharpe_ratio,maximum_drawdown,calmar_ratio,total_turnover,information_ratio,average_max_weight,annualized_return_rank,annualized_volatility_rank,sharpe_ratio_rank,maximum_drawdown_rank,calmar_ratio_rank,total_turnover_rank,information_ratio_rank,average_max_weight_rank,balanced_rank_score,overall_rank
target_return_band_500bp,0.07387943783781337,0.0682563710126477,0.8846203289798152,0.16286814799587546,0.45361501771165424,20.168926235089874,-0.015718039884573022,0.3435220060607886,2.0,14.0,2.0,7.0,1.0,20.0,2.0,6.0,6.75,1.0
target_return_band_750bp,0.07390364753129108,0.06798595937346537,0.8882269545138822,0.1629388864458965,0.4535666662717167,18.95524979433279,-0.015615094248514459,0.34494256671430973,1.0,13.0,1.0,8.0,2.0,18.0,1.0,10.0,6.75,1.0
target_return_quarterly,0.06910845908101626,0.06767637072402695,0.8258232834487912,0.15751623003871873,0.4387386560993039,12.456089882634783,-0.07491205509924516,0.3436480163726754,8.0,11.0,6.0,6.0,4.0,14.0,9.0,7.0,8.125,3.0
target_return_band_250bp,0.07297564385619526,0.06825862177538157,0.8722492544840547,0.16629099563853889,0.43884302680356757,21.433400885291054,-0.026807005617156956,0.3437601684062125,3.0,15.0,3.0,9.5,3.0,24.0,3.0,8.0,8.5625,4.0
target_return_monthly,0.07254283471601819,0.06791247349426786,0.8704148102870263,0.16629099563853678,0.4362403053602675,21.54424152639514,-0.03221276778748938,0.34380269531550367,4.0,12.0,4.0,9.5,5.0,25.0,7.0,9.0,9.4375,5.0
maximum_sharpe_quarterly,0.06659718697331951,0.06350066047034157,0.8389336775990873,0.16781375989753466,0.3968517659933432,8.321205965871336,-0.10871794611804528,0.34999621111202117,10.0,9.0,5.0,12.0,6.0,11.0,11.0,17.0,10.125,6.0
maximum_sharpe_band_750bp,0.0657118262146068,0.06362732475658907,0.8243309172358616,0.16631821624938525,0.3950969875487087,11.350214813806781,-0.1195940584849556,0.34955966362847163,11.0,10.0,7.0,11.0,7.0,12.0,12.0,15.0,10.625,7.0
equal_weight_band_250bp,0.060712664415720985,0.08534918636463253,0.5781971108366442,0.19450102145769366,0.31214573558898623,0.7153037260906283,-0.3137802335805275,0.12376820693374416,16.0,20.0,12.0,16.0,11.0,3.0,16.0,3.0,12.125,8.0
maximum_sharpe_band_500bp,0.06491298397602208,0.0630625603491152,0.819258343854688,0.17063022957143326,0.38043073691609064,12.733056532292743,-0.12709214674187175,0.3507173316509054,12.0,7.0,8.0,13.0,8.0,15.0,13.0,22.0,12.25,9.0
maximum_sharpe_band_250bp,0.0640260809699158,0.06312210946824211,0.8053357917828977,0.1719396787720725,0.37237525059465976,14.161244517550944,-0.13881712360513532,0.34997095190741423,14.0,8.0,9.0,14.0,9.0,16.0,14.0,16.0,12.5,10.0
maximum_sharpe_monthly,0.06347729998792628,0.06280284898845939,0.8008903875723861,0.17209367371062112,0.3688531868676626,14.234165981589069,-0.14472841183182839,0.3493177135924185,15.0,6.0,10.0,15.0,10.0,17.0,15.0,14.0,12.75,11.0
minimum_variance_band_750bp,0.032395746279989535,0.03400023357657787,0.5658877445792577,0.11596790446048144,0.2793509672413636,0.9173209264972558,-0.46070261342166896,0.3463934983995724,21.0,5.0,19.0,1.0,20.0,4.0,23.0,12.0,13.125,12.0
equal_weight_band_750bp,0.06032406030494286,0.08387076933848722,0.5824991258254463,0.20331538072734334,0.29670190267523644,0.24485476822316538,-0.31525181458963364,0.14369016851833155,17.0,18.0,11.0,19.0,18.0,1.0,17.0,5.0,13.25,13.0
equal_weight_quarterly,0.059440158935705645,0.08308991165498637,0.5771554213253819,0.19679611150035192,0.30203929580996497,1.1493101795737126,-0.3331587210116603,0.1111111111111111,18.0,16.0,13.0,18.0,16.0,6.0,18.0,1.5,13.3125,14.0
minimum_variance_band_250bp,0.03216104938143416,0.03378750157993912,0.5626036285030741,0.11752751760961277,0.27364697251806547,1.4852837942995378,-0.46015700314665525,0.3484928617003198,22.0,3.0,20.0,2.0,21.0,7.0,22.0,13.0,13.75,15.0
equal_weight_monthly,0.05878522553077459,0.08350103487851303,0.5673140171696197,0.19555467331126686,0.3006076231029539,1.942992533598237,-0.35395916346387674,0.11111111111111113,20.0,17.0,17.0,17.0,17.0,9.0,19.0,1.5,14.6875,16.0
minimum_variance_band_500bp,0.03156723517475801,0.03396839900285815,0.5427555214260656,0.11840201724592248,0.2666106195572029,1.0118696461032586,-0.46865301695813993,0.34568878369700184,25.0,4.0,24.0,3.0,23.0,5.0,25.0,11.0,15.0,17.0
minimum_variance_quarterly,0.03203072394198214,0.033781181475207415,0.5590075786594938,0.11966586067800455,0.2676680196047729,1.596249913609444,-0.45895465229540705,0.35000000000000014,23.0,2.0,22.0,5.0,22.0,8.0,21.0,19.5,15.3125,18.0
equal_weight_band_500bp,0.05889197565382309,0.08481217914170677,0.5610978624780797,0.20343431512578847,0.28948889776736403,0.3081766859029359,-0.36029764174011975,0.1344179559541706,19.0,19.0,21.0,20.0,19.0,2.0,20.0,4.0,15.5,19.0
mean_variance_band_750bp,0.06973631599722951,0.10397695917214435,0.5730009378614415,0.22632986434809355,0.3081180479566568,18.97694451985068,-0.028756842424696262,0.35402642211739394,6.0,21.0,14.0,22.0,13.0,19.0,5.0,24.0,15.5,19.0
mean_variance_band_500bp,0.0697416763696721,0.10443841736461522,0.5709938194524227,0.2263298643480932,0.3081417318503318,20.545268540002695,-0.027821987877866917,0.35421120663026157,5.0,23.0,15.0,22.0,12.0,21.0,4.0,25.0,15.875,21.0
minimum_variance_monthly,0.03161725004583271,0.03368796083354752,0.5485343624451283,0.11899870203317908,0.2656940748565243,2.3851141455959906,-0.46412424634761473,0.3500000000000001,24.0,1.0,23.0,4.0,24.0,10.0,24.0,19.5,16.1875,22.0
mean_variance_monthly,0.06901464584295125,0.10402911656497368,0.5662953761004434,0.22632986434809343,0.30492947115811153,21.316159673604453,-0.038464565849768866,0.35000000000000003,9.0,22.0,18.0,22.0,15.0,22.0,8.0,19.5,16.9375,23.0
mean_variance_band_250bp,0.06945181678795898,0.1045423378972387,0.567943970332541,0.227581164395521,0.30517383533224357,21.3668571278629,-0.032100031709930886,0.3520251317272282,7.0,24.0,16.0,24.0,14.0,23.0,6.0,23.0,17.125,24.0
mean_variance_quarterly,0.06430588682254479,0.10808879532433273,0.508237411219254,0.26793831982011385,0.24000257546482312,12.211889824249452,-0.09515205872627754,0.35000000000000014,13.0,25.0,25.0,25.0,25.0,13.0,10.0,19.5,19.4375,25.0
