strategy,final_value,total_return,annualized_return,annualized_volatility,sharpe_ratio,maximum_drawdown,calmar_ratio
equal_weight_monthly,235.08888238583506,1.3508888238583507,0.05878522553077459,0.08350103487851303,0.5673140171696197,0.19555467331126686,0.3006076231029539
equal_weight_quarterly,237.27439848927656,1.3727439848927658,0.059440158935705645,0.08308991165498637,0.5771554213253819,0.19679611150035192,0.30203929580996497
equal_weight_band_250bp,241.57506598945088,1.4157506598945089,0.060712664415720985,0.08534918636463253,0.5781971108366442,0.19450102145769366,0.31214573558898623
equal_weight_band_500bp,235.44382189732073,1.3544382189732072,0.05889197565382309,0.08481217914170677,0.5610978624780797,0.20343431512578847,0.28948889776736403
equal_weight_band_750bp,240.25405280212902,1.4025405280212904,0.06032406030494286,0.08387076933848722,0.5824991258254463,0.20331538072734334,0.29670190267523644
minimum_variance_monthly,159.3294752685257,0.593294752685257,0.03161725004583271,0.03368796083354752,0.5485343624451283,0.11899870203317908,0.2656940748565243
minimum_variance_quarterly,160.28776619476193,0.6028776619476193,0.03203072394198214,0.033781181475207415,0.5590075786594938,0.11966586067800455,0.2676680196047729
minimum_variance_band_250bp,160.5909289888734,0.6059092898887339,0.03216104938143416,0.03378750157993912,0.5626036285030741,0.11752751760961277,0.27364697251806547
minimum_variance_band_500bp,159.21392108608143,0.5921392108608143,0.03156723517475801,0.03396839900285815,0.5427555214260656,0.11840201724592248,0.2666106195572029
minimum_variance_band_750bp,161.13823033275955,0.6113823033275956,0.032395746279989535,0.03400023357657787,0.5658877445792577,0.11596790446048144,0.2793509672413636
mean_variance_monthly,271.4686591185663,1.7146865911856626,0.06901464584295125,0.10402911656497368,0.5662953761004434,0.22632986434809343,0.30492947115811153
mean_variance_quarterly,254.11500207913122,1.5411500207913122,0.06430588682254479,0.10808879532433273,0.508237411219254,0.26793831982011385,0.24000257546482312
mean_variance_band_250bp,273.1346928868433,1.731346928868433,0.06945181678795898,0.1045423378972387,0.567943970332541,0.227581164395521,0.30517383533224357
mean_variance_band_500bp,274.2445864809909,1.742445864809909,0.0697416763696721,0.10443841736461522,0.5709938194524227,0.2263298643480932,0.3081417318503318
mean_variance_band_750bp,274.22402308161,1.7422402308161002,0.06973631599722951,0.10397695917214435,0.5730009378614415,0.22632986434809355,0.3081180479566568
target_return_monthly,285.18944659417645,1.8518944659417644,0.07254283471601819,0.06791247349426786,0.8704148102870263,0.16629099563853678,0.4362403053602675
target_return_quarterly,271.8253748687025,1.718253748687025,0.06910845908101626,0.06767637072402695,0.8258232834487912,0.15751623003871873,0.4387386560993039
target_return_band_250bp,286.9164582672944,1.8691645826729437,0.07297564385619526,0.06825862177538157,0.8722492544840547,0.16629099563853889,0.43884302680356757
target_return_band_500bp,290.55432684306425,1.9055432684306424,0.07387943783781337,0.0682563710126477,0.8846203289798152,0.16286814799587546,0.45361501771165424
target_return_band_750bp,290.65236281637095,1.9065236281637095,0.07390364753129108,0.06798595937346537,0.8882269545138822,0.1629388864458965,0.4535666662717167
maximum_sharpe_monthly,251.1705894776838,1.511705894776838,0.06347729998792628,0.06280284898845939,0.8008903875723861,0.17209367371062112,0.3688531868676626
maximum_sharpe_quarterly,262.42577818066,1.6242577818066,0.06659718697331951,0.06350066047034157,0.8389336775990873,0.16781375989753466,0.3968517659933432
maximum_sharpe_band_250bp,253.1171191160659,1.531171191160659,0.0640260809699158,0.06312210946824211,0.8053357917828977,0.1719396787720725,0.37237525059465976
maximum_sharpe_band_500bp,256.29275459295906,1.5629275459295906,0.06491298397602208,0.0630625603491152,0.819258343854688,0.17063022957143326,0.38043073691609064
maximum_sharpe_band_750bp,259.1848679546511,1.5918486795465112,0.0657118262146068,0.06362732475658907,0.8243309172358616,0.16631821624938525,0.3950969875487087
benchmark_60_40,282.424945206796,1.82424945206796,0.0718449010375084,0.10406968674871099,0.5915810788276858,0.22333610177590124,0.3216895990671434
