strategy,rebalance_trigger,rebalance_trigger_description,number_of_rebalances,total_turnover,average_turnover,transaction_cost_rate,total_transaction_cost,transaction_cost_to_initial_value
equal_weight_monthly,walk_forward,monthly,179,1.942992533598237,0.010854706891610262,0.001,0.5635672989766152,0.005635672989766151
equal_weight_quarterly,walk_forward,quarterly,59,1.1493101795737126,0.019479833552096825,0.001,0.33515031737669987,0.0033515031737669987
equal_weight_band_250bp,threshold,estimate:monthly; execute:0.025,14,0.7153037260906283,0.051093123292187737,0.001,0.21906471262438162,0.002190647126243816
equal_weight_band_500bp,threshold,estimate:monthly; execute:0.05,4,0.3081766859029359,0.07704417147573397,0.001,0.11045586913749775,0.0011045586913749775
equal_weight_band_750bp,threshold,estimate:monthly; execute:0.075,2,0.24485476822316538,0.12242738411158269,0.001,0.08458519974014572,0.0008458519974014572
minimum_variance_monthly,walk_forward,monthly,179,2.3851141455959906,0.013324660031262517,0.001,0.6121970760084483,0.006121970760084483
minimum_variance_quarterly,walk_forward,quarterly,59,1.596249913609444,0.027055083281516,0.001,0.4129698788504555,0.004129698788504555
minimum_variance_band_250bp,threshold,estimate:monthly; execute:0.025,31,1.4852837942995378,0.04791238046127541,0.001,0.38387799995107263,0.0038387799995107264
minimum_variance_band_500bp,threshold,estimate:monthly; execute:0.05,12,1.0118696461032586,0.08432247050860488,0.001,0.26469432927761405,0.0026469432927761407
minimum_variance_band_750bp,threshold,estimate:monthly; execute:0.075,8,0.9173209264972558,0.11466511581215698,0.001,0.2358961709939124,0.002358961709939124
mean_variance_monthly,walk_forward,monthly,179,21.316159673604453,0.11908469091399136,0.001,6.18031617564206,0.0618031617564206
mean_variance_quarterly,walk_forward,quarterly,59,12.211889824249452,0.20698118346185512,0.001,3.4337190175763763,0.03433719017576376
mean_variance_band_250bp,threshold,estimate:monthly; execute:0.025,146,21.3668571278629,0.14634833649221166,0.001,6.199687850048436,0.06199687850048436
mean_variance_band_500bp,threshold,estimate:monthly; execute:0.05,116,20.545268540002695,0.17711438396554047,0.001,5.96615962277606,0.0596615962277606
mean_variance_band_750bp,threshold,estimate:monthly; execute:0.075,93,18.97694451985068,0.20405316688011482,0.001,5.621808037003821,0.05621808037003821
target_return_monthly,walk_forward,monthly,179,21.54424152639514,0.1203588912089114,0.001,6.970979592086509,0.0697097959208651
target_return_quarterly,walk_forward,quarterly,59,12.456089882634783,0.21112016750228446,0.001,3.8869831237306776,0.03886983123730678
target_return_band_250bp,threshold,estimate:monthly; execute:0.025,164,21.433400885291054,0.13069146881275032,0.001,6.944441047300947,0.06944441047300946
target_return_band_500bp,threshold,estimate:monthly; execute:0.05,126,20.168926235089874,0.1600708431356339,0.001,6.578714684116158,0.06578714684116158
target_return_band_750bp,threshold,estimate:monthly; execute:0.075,97,18.95524979433279,0.19541494633332773,0.001,6.222439950297725,0.06222439950297724
maximum_sharpe_monthly,walk_forward,monthly,179,14.234165981589069,0.07952048034407301,0.001,3.9500391440631177,0.03950039144063118
maximum_sharpe_quarterly,walk_forward,quarterly,59,8.321205965871336,0.14103738925205653,0.001,2.3439750399501307,0.023439750399501306
maximum_sharpe_band_250bp,threshold,estimate:monthly; execute:0.025,148,14.161244517550944,0.09568408457804692,0.001,3.938262468216477,0.039382624682164774
maximum_sharpe_band_500bp,threshold,estimate:monthly; execute:0.05,101,12.733056532292743,0.1260698666563638,0.001,3.5417350819728983,0.035417350819728986
maximum_sharpe_band_750bp,threshold,estimate:monthly; execute:0.075,75,11.350214813806781,0.15133619751742375,0.001,3.1648807099044904,0.031648807099044905
benchmark_60_40,calendar,quarterly,59,0.8898698699200182,0.015082540168135901,0.001,0.2845709683173209,0.002845709683173209
