strategy,tracking_error,beta,information_ratio
equal_weight_monthly,0.040117633498641614,0.7475877594209147,-0.35395916346387674
equal_weight_quarterly,0.040871771922228566,0.7416061965627923,-0.3331587210116603
equal_weight_band_250bp,0.038960324525656856,0.7662193290109076,-0.3137802335805275
equal_weight_band_500bp,0.038820415635964646,0.7625031724357614,-0.36029764174011975
equal_weight_band_750bp,0.04033649738495285,0.7496317380515687,-0.31525181458963364
minimum_variance_monthly,0.09291671153883176,0.1538185316562419,-0.46412424634761473
minimum_variance_quarterly,0.09308326542089457,0.15267871806629157,-0.45895465229540705
minimum_variance_band_250bp,0.09256511036590412,0.15713934722444614,-0.46015700314665525
minimum_variance_band_500bp,0.09210190503603762,0.16165417185381825,-0.46865301695813993
minimum_variance_band_750bp,0.09194599787102295,0.1630787662893679,-0.46070261342166896
mean_variance_monthly,0.06896179613250458,0.7800576120916124,-0.038464565849768866
mean_variance_quarterly,0.06963402908090913,0.8155112810095213,-0.09515205872627754
mean_variance_band_250bp,0.06821266288971513,0.7897434656006268,-0.032100031709930886
mean_variance_band_500bp,0.06937631455939594,0.7813494376346952,-0.027821987877866917
mean_variance_band_750bp,0.06895408148803259,0.7796058747336289,-0.028756842424696262
target_return_monthly,0.07689731203686122,0.43993386369846865,-0.03221276778748938
target_return_quarterly,0.07610005588582827,0.4440871896495656,-0.07491205509924516
target_return_band_250bp,0.07647485542818265,0.4451011449596549,-0.026807005617156956
target_return_band_500bp,0.07686876033559323,0.4422984088297623,-0.015718039884573022
target_return_band_750bp,0.0770971800620161,0.4389739837402182,-0.015615094248514459
maximum_sharpe_monthly,0.07806269052365125,0.4007623899971525,-0.14472841183182839
maximum_sharpe_quarterly,0.07656039527671381,0.4155551315531031,-0.10871794611804528
maximum_sharpe_band_250bp,0.07752569282834461,0.4064755828025733,-0.13881712360513532
maximum_sharpe_band_500bp,0.07814948118078707,0.4016455865353401,-0.12709214674187175
maximum_sharpe_band_750bp,0.07647305376331638,0.41691558348822977,-0.1195940584849556
benchmark_60_40,,,
