max_weight,strategy,status,error,start_date,end_date,observations,periods_per_year,initial_value,final_value,total_return,annualized_return,annualized_volatility,sharpe_ratio,maximum_drawdown,calmar_ratio,rebalance_trigger,rebalance_trigger_description,rebalance_frequency,rebalance_threshold,number_of_rebalances,total_turnover,average_turnover,transaction_cost_rate,total_transaction_cost,average_transaction_cost,transaction_cost_to_initial_value,tracking_error,beta,information_ratio
0.2,minimum_variance_quarterly,success,,2011-01-03,2025-12-31,3771,252,100.0,192.54876552032795,0.9254876552032796,0.04475547460927842,0.046958743916081146,0.6740002233539937,0.1552924333544501,0.28820125773369437,walk_forward,quarterly,quarterly,,59,1.2115132024356547,0.02053412207518059,0.001,0.3575194252695315,0.0060596512757547715,0.003575194252695315,0.08473601091503405,0.27032140467035687,-0.3532431620810608
0.2,mean_variance_quarterly,success,,2011-01-03,2025-12-31,3771,252,100.0,207.38483970591284,1.0738483970591286,0.049950607307371,0.09977320069364874,0.4060806864195165,0.2889205197734782,0.1728870187085835,walk_forward,quarterly,quarterly,,59,8.446625668799248,0.1431631469288008,0.001,2.282487074701622,0.03868622160511224,0.02282487074701622,0.05826593319147848,0.8028379478186274,-0.3613710013823076
0.2,target_return_quarterly,success,,2011-01-03,2025-12-31,3771,252,100.0,252.30011013916354,1.5230011013916354,0.06379622460830747,0.07352885477086654,0.6976948481603762,0.169886779953193,0.37552200722083573,walk_forward,quarterly,quarterly,,59,9.605022387188937,0.1627969896133718,0.001,3.074875989398991,0.05211654219320324,0.03074875989398991,0.07044630090452579,0.5204889518064074,-0.14578648134131283
0.2,maximum_sharpe_quarterly,success,,2011-01-03,2025-12-31,3771,252,100.0,250.8276416671108,1.5082764166711082,0.0633802024278336,0.061055787085533234,0.8202795736581353,0.14316236837773888,0.44271552046835894,walk_forward,quarterly,quarterly,,59,4.529896181410942,0.07677790137984648,0.001,1.4032065899587531,0.023783162541673782,0.014032065899587531,0.07548652058958259,0.4090344070600874,-0.15233268934909305
0.25,minimum_variance_quarterly,success,,2011-01-03,2025-12-31,3771,252,100.0,179.94388950439543,0.7994388950439544,0.04003926296513938,0.041042084822108325,0.6549299677008052,0.14032928610722406,0.2853236418130555,walk_forward,quarterly,quarterly,,59,1.2911739974778733,0.021884305041997853,0.001,0.36440115466627954,0.006176290757055585,0.0036440115466627953,0.08981406250142157,0.2053638671686148,-0.3865555532365972
0.25,mean_variance_quarterly,success,,2011-01-03,2025-12-31,3771,252,100.0,228.76469361079242,1.2876469361079241,0.05685753616042333,0.10263569649055387,0.4613562179315182,0.2815164715860149,0.20196877234251284,walk_forward,quarterly,quarterly,,59,10.027110829529514,0.16995103100897482,0.001,2.835230764780028,0.04805475872508522,0.02835230764780028,0.06368856281571912,0.7990560611245087,-0.22317077702472707
0.25,target_return_quarterly,success,,2011-01-03,2025-12-31,3771,252,100.0,271.7841542352787,1.717841542352787,0.06909762427425337,0.07227962413364583,0.7773760296248009,0.16522955833791197,0.41819166600289154,walk_forward,quarterly,quarterly,,59,11.874206227496932,0.20125773266943953,0.001,3.8764046719270833,0.06570177410045903,0.038764046719270834,0.0752056423871347,0.48007734666381635,-0.07165764631285595
0.25,maximum_sharpe_quarterly,success,,2011-01-03,2025-12-31,3771,252,100.0,258.51545609563306,1.5851545609563304,0.06552766784140895,0.06074707607311023,0.8575214566169309,0.14204953280394528,0.46130153720286643,walk_forward,quarterly,quarterly,,59,5.587717988152003,0.09470708454494921,0.001,1.6507507321809651,0.0279788259691689,0.016507507321809653,0.07598093177569802,0.40384124464377785,-0.12502633387274964
0.3,minimum_variance_quarterly,success,,2011-01-03,2025-12-31,3771,252,100.0,168.5494333599285,0.6854943335992851,0.03550268056637984,0.03638076865044159,0.6137684746192782,0.12467133500613281,0.28477019649010255,walk_forward,quarterly,quarterly,,59,1.491957621630332,0.02528741731576834,0.001,0.39100351847575077,0.006627178279250013,0.003910035184757508,0.0924139470887692,0.16683082549987746,-0.4249446403278073
0.3,mean_variance_quarterly,success,,2011-01-03,2025-12-31,3771,252,100.0,240.90756894511773,1.4090756894511771,0.060516554503789566,0.10504457843597785,0.4859753469810117,0.27367269164491514,0.22112748678011537,walk_forward,quarterly,quarterly,,59,11.2702260759598,0.19102078094847116,0.001,3.1729699050790394,0.05377915093354304,0.03172969905079039,0.06642109720536839,0.8057384926035633,-0.15826787687706467
0.3,target_return_quarterly,success,,2011-01-03,2025-12-31,3771,252,100.0,269.3336198174683,1.6933361981746828,0.0684507320669363,0.06991507793775838,0.7927235298160143,0.1604227834158899,0.4266895923971124,walk_forward,quarterly,quarterly,,59,12.064282346127916,0.20447936179877824,0.001,3.792327077778416,0.06427673013183756,0.03792327077778416,0.07603502050685897,0.4587643116578586,-0.0810529326472423
0.3,maximum_sharpe_quarterly,success,,2011-01-03,2025-12-31,3771,252,100.0,259.60519377042675,1.5960519377042677,0.06582723312511107,0.06066181710352309,0.8634022324805315,0.1552782350083447,0.42393084337655884,walk_forward,quarterly,quarterly,,59,7.136602879343606,0.1209593708363323,0.001,2.048248048001694,0.0347160686101982,0.020482480480016937,0.07615157000420589,0.40216492227920436,-0.12111046110031641
0.35,minimum_variance_quarterly,success,,2011-01-03,2025-12-31,3771,252,100.0,160.28776619476193,0.6028776619476193,0.03203072394198214,0.033781181475207415,0.5590075786594938,0.11966586067800455,0.2676680196047729,walk_forward,quarterly,quarterly,,59,1.596249913609444,0.027055083281516,0.001,0.4129698788504555,0.006999489472041619,0.004129698788504555,0.09308326542089457,0.15267871806629157,-0.45895465229540705
0.35,mean_variance_quarterly,success,,2011-01-03,2025-12-31,3771,252,100.0,254.11500207913122,1.5411500207913122,0.06430588682254479,0.10808879532433273,0.508237411219254,0.26793831982011385,0.24000257546482312,walk_forward,quarterly,quarterly,,59,12.211889824249452,0.20698118346185512,0.001,3.4337190175763763,0.05819862741654875,0.03433719017576376,0.06963402908090913,0.8155112810095213,-0.09515205872627754
0.35,target_return_quarterly,success,,2011-01-03,2025-12-31,3771,252,100.0,271.8253748687025,1.718253748687025,0.06910845908101626,0.06767637072402695,0.8258232834487912,0.15751623003871873,0.4387386560993039,walk_forward,quarterly,quarterly,,59,12.456089882634783,0.21112016750228446,0.001,3.8869831237306776,0.0658810698937403,0.03886983123730678,0.07610005588582827,0.4440871896495656,-0.07491205509924516
0.35,maximum_sharpe_quarterly,success,,2011-01-03,2025-12-31,3771,252,100.0,262.42577818066,1.6242577818066,0.06659718697331951,0.06350066047034157,0.8389336775990873,0.16781375989753466,0.3968517659933432,walk_forward,quarterly,quarterly,,59,8.321205965871336,0.14103738925205653,0.001,2.3439750399501307,0.03972839050762934,0.023439750399501306,0.07656039527671381,0.4155551315531031,-0.10871794611804528
0.4,minimum_variance_quarterly,success,,2011-01-03,2025-12-31,3771,252,100.0,155.09979336830375,0.5509979336830375,0.029764088965076985,0.031158415212078513,0.5328711723707762,0.11112522433624228,0.2678427795566641,walk_forward,quarterly,quarterly,,59,1.6776395081648363,0.028434567934997226,0.001,0.4285757287915163,0.007263995403246039,0.0042857572879151625,0.09367870808944656,0.13968174474915535,-0.4804198934994552
0.4,mean_variance_quarterly,success,,2011-01-03,2025-12-31,3771,252,100.0,274.8116245026493,1.7481162450264929,0.06988934165851757,0.11110487772749254,0.5444432962685817,0.2545809375664826,0.2745270024008231,walk_forward,quarterly,quarterly,,59,12.670995651352573,0.21476263815851818,0.001,3.6314149571848016,0.06154940605397969,0.03631414957184802,0.07227706387012388,0.8287161299294277,-0.01475628372938326
0.4,target_return_quarterly,success,,2011-01-03,2025-12-31,3771,252,100.0,256.38883392961156,1.5638883392961156,0.0649396572204588,0.06483098865218609,0.798919563474766,0.15401686652289892,0.4216399066319383,walk_forward,quarterly,quarterly,,59,12.4557973306759,0.21111520899450678,0.001,3.7700995248848272,0.06389999194720046,0.03770099524884827,0.07695052065906999,0.4206719178393004,-0.12730125836726527
0.4,maximum_sharpe_quarterly,success,,2011-01-03,2025-12-31,3771,252,100.0,270.01998518152413,1.7001998518152415,0.06863247077916901,0.0664430019028512,0.8334008528507953,0.1763182100782077,0.38925344551040075,walk_forward,quarterly,quarterly,,59,9.349102947370756,0.15845937198933485,0.001,2.6787039948412015,0.04540176262442714,0.026787039948412014,0.07790514406434357,0.42361668364075195,-0.07989992077702618
0.5,minimum_variance_quarterly,success,,2011-01-03,2025-12-31,3771,252,100.0,148.18258522246867,0.48182585222468677,0.02662929602542219,0.025881143713201216,0.5183119597953338,0.09231444007277767,0.28846295340608175,walk_forward,quarterly,quarterly,,59,1.5016644375151542,0.02545193961890092,0.001,0.3741637477318701,0.006341758436133392,0.003741637477318701,0.0949032355135051,0.1151243829013811,-0.5079359229249535
0.5,mean_variance_quarterly,success,,2011-01-03,2025-12-31,3771,252,100.0,306.9972877964685,2.0699728779646853,0.07783713752715737,0.11890437172790566,0.5785111975126436,0.22630864074529433,0.34394240215848165,walk_forward,quarterly,quarterly,,59,12.992551697422506,0.22021274063427976,0.001,3.85845905708812,0.06539761113708678,0.0385845905708812,0.07991591463377493,0.8578641992055629,0.09048257418590289
0.5,target_return_quarterly,success,,2011-01-03,2025-12-31,3771,252,100.0,260.54205409244605,1.6054205409244604,0.06608383634497295,0.06201522780597837,0.8497794660897161,0.14854626193329468,0.44487040929140426,walk_forward,quarterly,quarterly,,59,12.29373801284469,0.20836844089567272,0.001,3.6803593084281534,0.06237897132929074,0.036803593084281536,0.07700864121411924,0.4037697982752174,-0.1155567000934824
0.5,maximum_sharpe_quarterly,success,,2011-01-03,2025-12-31,3771,252,100.0,290.3486853097702,1.9034868530977018,0.07382863049525512,0.07506034740152889,0.8105638497210662,0.1884129772903932,0.391844720873266,walk_forward,quarterly,quarterly,,59,10.466017260262001,0.17739012305528815,0.001,3.1184302719451473,0.05285475037195165,0.031184302719451475,0.08061677084845835,0.4600661089535578,-0.0094493770416211
